,Name,City,Country,Arena,Capactity,Logo URL,Division,City,State,,,,,,,,,,,,,,,,,,,,,,
Team,Hawks,Atlanta,USA,State Farm Arena,18118,https://gmgames.org/dm16logos/Team0.png,Southeast,Atlanta,Georgia,,,,,,,,,,,,,,,,,,,,,,
Team,Celtics,Boston,USA,TD Garden,19156,https://gmgames.org/dm16logos/Team1.png,Atlantic,Boston,Massachusetts,,,,,,,,,,,,,,,,,,,,,,
Team,Nets,Brooklyn,USA,Barclays Center,17732,https://gmgames.org/dm16logos/Team2.png,Atlantic,Brooklyn,New York,,,,,,,,,,,,,,,,,,,,,,
Team,Hornets,Charlotte,USA,Spectrum Center,19077,https://gmgames.org/dm16logos/Team3.png,Southeast,Charlotte,North Carolina,,,,,,,,,,,,,,,,,,,,,,
Team,Bulls,Chicago,USA,United Center,20917,https://gmgames.org/dm16logos/Team4.png,Central,Chicago,Illinois,,,,,,,,,,,,,,,,,,,,,,
Team,Cavaliers,Cleveland,USA,Rocket Mortgage FieldHouse,19432,https://gmgames.org/dm16logos/Team5.png,Central,Cleveland,Ohio,,,,,,,,,,,,,,,,,,,,,,
Team,Mavericks,Dallas,USA,American Airlines Center,19200,https://gmgames.org/dm16logos/Team6.png,Southwest,Dallas,Texas,,,,,,,,,,,,,,,,,,,,,,
Team,Nuggets,Denver,USA,Ball Arena,19520,https://gmgames.org/dm16logos/Team7.png,Northwest,Denver,Colorado,,,,,,,,,,,,,,,,,,,,,,
Team,Pistons,Detroit,USA,Little Caesars Arena,20332,https://gmgames.org/dm16logos/Team8.png,Central,Detroit,Michigan,,,,,,,,,,,,,,,,,,,,,,
Team,Warriors,San Francisco,USA,Chase Center,18064,https://gmgames.org/dm16logos/Team9.png,Pacific,San Francisco,California,,,,,,,,,,,,,,,,,,,,,,
Team,Rockets,Houston,USA,Toyota Center,18055,https://gmgames.org/dm16logos/Team10.png,Southwest,Houston,Texas,,,,,,,,,,,,,,,,,,,,,,
Team,Pacers,Indiana,USA,Gainbridge Fieldhouse,17923,https://gmgames.org/dm16logos/Team11.png,Central,Indianapolis,Indiana,,,,,,,,,,,,,,,,,,,,,,
Team,Clippers,Los Angeles,USA,Intuit Dome,18000,https://gmgames.org/dm16logos/Team12.png,Pacific,Inglewood,California,,,,,,,,,,,,,,,,,,,,,,
Team,Lakers,Los Angeles,USA,Crypto.com Arena,18997,https://gmgames.org/dm16logos/Team13.png,Pacific,Los Angeles,California,,,,,,,,,,,,,,,,,,,,,,
Team,Grizzlies,Memphis,USA,FedExForum,17794,https://gmgames.org/dm16logos/Team14.png,Southwest,Memphis,Tennessee,,,,,,,,,,,,,,,,,,,,,,
Team,Heat,Miami,USA,Kaseya Center,19600,https://gmgames.org/dm16logos/Team15.png,Southeast,Miami,Florida,,,,,,,,,,,,,,,,,,,,,,
Team,Bucks,Milwaukee,USA,Fiserv Forum,17500,https://gmgames.org/dm16logos/Team16.png,Central,Milwaukee,Wisconsin,,,,,,,,,,,,,,,,,,,,,,
Team,Timberwolves,Minnesota,USA,Target Center,18978,https://gmgames.org/dm16logos/Team17.png,Northwest,Minneapolis,Minnesota,,,,,,,,,,,,,,,,,,,,,,
Team,Pelicans,New Orleans,USA,Smoothie King Center,16867,https://gmgames.org/dm16logos/Team18.png,Southwest,New Orleans,Louisiana,,,,,,,,,,,,,,,,,,,,,,
Team,Knicks,New York,USA,Madison Square Garden,19812,https://gmgames.org/dm16logos/Team19.png,Atlantic,New York,New York,,,,,,,,,,,,,,,,,,,,,,
Team,Thunder,Oklahoma City,USA,Paycom Center,18203,https://gmgames.org/dm16logos/Team20.png,Northwest,Oklahoma City,Oklahoma,,,,,,,,,,,,,,,,,,,,,,
Team,Magic,Orlando,USA,Kia Center,18846,https://gmgames.org/dm16logos/Team21.png,Southeast,Orlando,Florida,,,,,,,,,,,,,,,,,,,,,,
Team,76ers,Philadelphia,USA,Wells Fargo Center,20478,https://gmgames.org/dm16logos/Team22.png,Atlantic,Philadelphia,Pennsylvania,,,,,,,,,,,,,,,,,,,,,,
Team,Suns,Phoenix,USA,Footprint Center,17125,https://gmgames.org/dm16logos/Team23.png,Pacific,Phoenix,Arizona,,,,,,,,,,,,,,,,,,,,,,
Team,Trail Blazers,Portland,USA,Moda Center,19393,https://gmgames.org/dm16logos/Team24.png,Northwest,Portland,Oregon,,,,,,,,,,,,,,,,,,,,,,
Team,Kings,Sacramento,USA,Golden 1 Center,17583,https://gmgames.org/dm16logos/Team25.png,Pacific,Sacramento,California,,,,,,,,,,,,,,,,,,,,,,
Team,Spurs,San Antonio,USA,Frost Bank Center,18418,https://gmgames.org/dm16logos/Team26.png,Southwest,San Antonio,Texas,,,,,,,,,,,,,,,,,,,,,,
Team,Raptors,Toronto,Canada,Scotiabank Arena,19800,https://gmgames.org/dm16logos/Team27.png,Atlantic,Toronto,Canada,,,,,,,,,,,,,,,,,,,,,,
Team,Jazz,Utah,USA,Delta Center,18306,https://gmgames.org/dm16logos/Team28.png,Northwest,Salt Lake City,Utah,,,,,,,,,,,,,,,,,,,,,,
Team,Wizards,Washington,USA,Capital One Arena,20356,https://gmgames.org/dm16logos/Team29.png,Southeast,Washington,D.C,,,,,,,,,,,,,,,,,,,,,,
NewFranchiseLogo,,,,,,https://gmgames.org/dm16logos/Team30.png,,,,,,,,,,,,,,,,,,,,,,,,,
,,,,,,,,,,,,,,,,,,,,,,,,,,,,,,,
Type,FirstName,Last Name,Position,Age,Height,Weight,Team ID,Defence,TurnOvers,FTA,FTPerc,2PTA,2PTPerc,3PTA,ThreePerc,OffReb,Fame,DefReb,FastBreak,Assists,Personality,Potential,Steals,Blocks,Stamina,Trait,,,,,
players,Jalen,Johnson,PF,23,208,220,0,68,2.1,4.2,0.76,9.8,0.51,4.8,0.36,1.6,76,5.2,72,3.2,78,76,1.0,0.8,80,,,,,,
players,Onyeka,Okongwu,C,24,206,245,0,76,1.5,3.8,0.72,7.2,0.64,0.3,0.20,2.4,68,6.5,55,1.8,72,72,0.8,1.4,75,,,,,,
players,Dyson,Daniels,SG,22,196,185,0,80,1.8,2.4,0.78,6.5,0.47,4.2,0.36,0.8,58,4.1,72,3.0,70,72,2.2,0.4,78,,,,,,
players,Zaccharie,Risacher,SF,20,207,200,0,62,1.4,1.8,0.78,5.5,0.44,5.0,0.38,0.8,55,3.6,66,1.8,70,74,0.8,0.5,78,R,,,,,
players,Clint,Capela,C,31,210,240,0,76,1.4,3.2,0.64,7.2,0.66,0.2,0.10,3.2,52,8.1,38,1.2,56,56,0.6,1.8,72,,,,,,
players,De'Andre,Hunter,SF,27,204,225,0,70,1.5,2.5,0.76,6.8,0.45,5.5,0.38,0.9,55,3.8,62,2.0,68,68,0.9,0.4,72,,,,,,
players,Bogdan,Bogdanovic,SG,32,198,220,0,60,1.5,2.0,0.82,7.8,0.44,6.8,0.38,0.4,65,2.8,60,2.5,62,60,1.0,0.3,72,,,,,,
players,Vit,Krejci,SF,23,203,200,0,62,1.0,1.2,0.75,3.5,0.45,3.8,0.36,0.7,35,2.8,55,1.2,65,65,0.8,0.4,72,R,,,,,
players,Mouhamed,Gueye,PF,21,208,215,0,62,0.9,1.5,0.70,3.2,0.48,1.8,0.30,0.9,35,2.8,50,0.8,65,68,0.5,1.0,70,R,,,,,
players,Larry,Nance Jr,PF,32,201,240,0,70,0.9,2.0,0.68,4.5,0.58,2.0,0.32,1.6,45,4.2,65,1.4,58,55,0.9,0.8,68,,,,,,
,,,,,,,,,,,,,,,,,,,,,,,,,,,,,,,
,,,,,,,,,,,,,,,,,,,,,,,,,,,,,,,
players,Jayson,Tatum,PF,27,207,210,1,72,2.0,5.5,0.84,13.5,0.50,6.8,0.37,0.8,92,7.2,75,2.5,92,80,1.2,0.8,88,,,,,,
players,Jaylen,Brown,SG,28,201,223,1,80,1.8,4.2,0.74,12.0,0.46,5.5,0.36,0.8,80,4.5,80,2.2,80,72,1.3,0.4,85,,,,,,
players,Kristaps,Porzingis,C,29,221,240,1,64,1.5,3.5,0.82,9.5,0.52,6.5,0.36,1.2,68,6.8,52,1.2,65,62,0.6,2.0,66,,,,,,
players,Jrue,Holiday,SG,35,190,205,1,80,2.2,2.5,0.74,8.5,0.52,4.5,0.35,0.8,72,4.2,78,4.5,72,68,1.6,0.7,82,,,,,,
players,Al,Horford,C,39,206,240,1,72,1.4,1.8,0.78,5.8,0.48,4.2,0.36,1.6,66,5.5,50,2.2,60,56,0.8,1.2,72,,,,,,
players,Payton,Pritchard,PG,27,188,195,1,62,1.5,2.2,0.85,5.5,0.46,5.5,0.41,0.3,42,2.5,65,4.5,62,62,0.9,0.2,80,,,,,,
players,Sam,Hauser,SF,27,203,210,1,58,0.7,0.9,0.87,2.5,0.46,6.8,0.44,0.3,48,2.5,65,0.8,65,65,0.5,0.2,78,,,,,,
players,Luke,Kornet,C,28,218,250,1,62,0.7,1.2,0.78,3.8,0.52,4.5,0.36,0.5,35,2.2,40,0.8,58,58,0.4,1.2,65,,,,,,
players,Drew,Holiday,PG,28,188,185,1,62,1.5,1.2,0.78,3.8,0.45,3.5,0.38,0.4,35,2.0,62,3.5,68,65,0.9,0.2,72,,,,,,
players,Jordan,Walsh,SF,21,201,210,1,62,0.8,0.8,0.72,3.2,0.48,2.5,0.35,0.7,25,2.0,58,0.9,60,65,0.7,0.5,72,R,,,,,
,,,,,,,,,,,,,,,,,,,,,,,,,,,,,,,
,,,,,,,,,,,,,,,,,,,,,,,,,,,,,,,
players,Cam,Thomas,SG,23,196,210,2,65,2.5,4.5,0.84,14.5,0.47,5.2,0.37,0.5,68,3.5,70,3.2,70,72,1.0,0.3,80,,,,,,
players,Nic,Claxton,C,26,213,215,2,72,1.0,3.2,0.70,7.5,0.65,0.5,0.25,2.0,55,7.2,45,1.5,65,65,0.6,2.0,72,,,,,,
players,Dariq,Whitehead,SG,21,196,190,2,58,1.4,1.5,0.78,5.5,0.46,4.5,0.37,0.5,45,2.8,65,1.8,65,72,0.8,0.3,75,R,,,,,
players,Dennis,Schroder,PG,32,185,172,2,62,2.2,3.2,0.84,9.2,0.45,4.5,0.37,0.4,55,2.8,68,4.5,60,68,0.8,0.2,75,,,,,,
players,Noah,Clowney,SF,21,208,225,2,62,1.2,2.0,0.72,4.5,0.50,2.2,0.34,1.0,35,3.5,60,1.2,65,70,0.9,1.0,72,R,,,,,
players,Day'Ron,Sharpe,C,23,211,245,2,65,1.0,3.2,0.68,5.5,0.60,0.2,0.15,2.5,42,5.5,45,1.0,62,65,0.5,1.2,70,,,,,,
players,Ben,Simmons,PF,29,208,240,2,76,2.2,3.5,0.58,7.5,0.55,0.2,0.22,1.5,60,5.0,72,5.0,72,65,1.5,0.7,68,,,,,,
players,Keon,Johnson,SG,24,196,188,2,62,1.5,1.5,0.72,5.5,0.48,3.5,0.34,0.6,35,2.8,68,1.8,60,68,0.9,0.4,75,,,,,,
players,Trendon,Watford,PF,24,203,220,2,60,1.2,2.0,0.72,4.5,0.52,2.5,0.34,1.0,35,3.5,55,1.5,60,62,0.7,0.5,68,,,,,,
players,Killian,Hayes,PG,23,196,195,2,62,1.8,2.5,0.80,5.5,0.43,3.0,0.35,0.5,32,2.5,58,3.5,58,65,0.8,0.2,70,,,,,,
,,,,,,,,,,,,,,,,,,,,,,,,,,,,,,,
,,,,,,,,,,,,,,,,,,,,,,,,,,,,,,,
players,LaMelo,Ball,PG,24,203,180,3,66,2.8,5.0,0.80,9.5,0.44,7.2,0.37,0.8,88,4.8,82,6.8,78,78,1.2,0.4,82,SP,,,,,
players,Kon,Knueppel,SF,20,203,205,3,60,1.2,1.8,0.86,7.5,0.47,7.9,0.43,0.5,52,5.3,65,3.4,65,78,0.7,0.4,76,R,,,,,
players,Brandon,Miller,SF,22,210,200,3,64,1.6,2.5,0.78,8.5,0.46,5.5,0.38,0.6,65,4.2,68,2.5,72,75,1.0,0.6,80,,,,,,
players,Mark,Williams,C,24,213,245,3,68,1.0,3.5,0.72,6.5,0.68,0.2,0.15,2.8,55,7.5,40,1.2,68,68,0.5,2.0,70,,,,,,
players,Miles,Bridges,PF,27,198,225,3,68,1.4,2.2,0.79,8.5,0.46,4.5,0.35,1.0,56,4.5,68,1.8,68,65,0.8,0.7,78,,,,,,
players,Tre,Mann,PG,24,193,195,3,62,1.8,2.2,0.82,8.5,0.46,5.5,0.37,0.4,52,2.8,70,3.5,65,68,0.8,0.2,78,,,,,,
players,Nick,Richards,C,26,211,245,3,62,0.8,2.5,0.72,5.5,0.62,0.2,0.12,1.8,35,4.5,38,0.8,55,58,0.4,1.2,70,,,,,,
players,Josh,Green,SG,25,196,200,3,68,1.2,1.8,0.78,5.5,0.48,3.5,0.36,0.9,38,2.8,68,1.8,62,62,1.0,0.4,78,,,,,,
players,Grant,Williams,PF,26,201,236,3,68,1.0,1.5,0.75,4.5,0.45,4.5,0.38,1.0,42,3.5,60,1.2,65,62,0.8,0.5,72,,,,,,
players,Frank,Ntilikina,PG,27,193,200,3,72,1.4,1.2,0.82,3.5,0.46,3.5,0.36,0.4,35,2.5,62,3.2,68,62,0.9,0.3,72,,,,,,
,,,,,,,,,,,,,,,,,,,,,,,,,,,,,,,
,,,,,,,,,,,,,,,,,,,,,,,,,,,,,,,
players,Coby,White,PG,25,193,195,4,64,2.0,3.5,0.84,13.8,0.47,6.8,0.38,0.4,70,3.5,75,4.5,72,72,1.0,0.2,82,,,,,,
players,Nikola,Vucevic,C,35,211,260,4,62,1.6,2.2,0.78,10.5,0.48,4.5,0.35,2.0,65,8.5,32,2.8,60,60,0.8,0.8,72,,,,,,
players,Patrick,Williams,SF,25,201,215,4,68,1.5,2.8,0.78,7.5,0.48,4.5,0.36,1.2,58,4.5,65,2.0,72,72,0.9,0.8,75,,,,,,
players,Josh,Giddey,PG,23,203,205,4,62,2.5,2.5,0.65,7.5,0.48,4.5,0.32,1.0,65,5.5,68,5.5,70,70,1.0,0.4,78,,,,,,
players,Zach,LaVine,SF,30,198,200,4,62,2.5,4.5,0.84,12.5,0.50,6.5,0.38,0.5,82,4.0,85,3.5,72,70,1.0,0.4,88,SP,,,,,
players,Matas,Buzelis,SF,21,208,200,4,60,1.0,1.5,0.75,4.2,0.48,3.5,0.36,0.8,42,2.8,60,1.0,65,72,0.7,0.6,72,R,,,,,
players,Julian,Phillips,SF,23,203,208,4,60,1.0,1.5,0.70,4.5,0.52,2.8,0.32,0.8,38,2.8,62,1.0,60,65,0.7,0.6,70,,,,,,
players,Dalen,Terry,PG,22,198,190,4,62,1.2,1.5,0.78,4.5,0.48,3.0,0.34,0.6,40,2.5,65,2.5,62,68,0.8,0.3,72,,,,,,
players,Adama,Sanogo,C,23,208,240,4,62,0.8,1.5,0.65,4.5,0.58,0.5,0.20,1.5,35,3.5,42,0.8,60,62,0.4,1.0,68,,,,,,
players,Torrey,Craig,SG,34,201,221,4,70,0.6,0.8,0.72,2.5,0.46,3.0,0.35,0.8,38,2.8,72,0.8,65,62,0.6,0.5,65,,,,,,
,,,,,,,,,,,,,,,,,,,,,,,,,,,,,,,
,,,,,,,,,,,,,,,,,,,,,,,,,,,,,,,
players,Donovan,Mitchell,SG,29,185,215,5,72,2.5,4.8,0.84,13.5,0.47,7.0,0.37,0.8,82,4.2,80,4.5,84,72,1.5,0.5,82,,,,,,
players,Evan,Mobley,C,24,213,220,5,78,1.6,3.5,0.78,8.5,0.62,1.5,0.30,2.5,78,7.8,58,2.2,80,76,1.0,2.2,82,,,,,,
players,Darius,Garland,PG,26,186,192,5,68,2.2,2.5,0.89,8.5,0.48,7.2,0.40,0.4,72,2.8,82,7.5,72,72,1.0,0.3,85,,,,,,
players,James,Harden,SG,36,196,220,5,66,3.2,7.5,0.84,9.5,0.52,8.5,0.36,0.6,88,4.5,82,6.5,62,58,1.2,0.4,85,HH,,,,,
players,Jarrett,Allen,C,27,212,243,5,80,1.0,2.8,0.70,6.5,0.66,0.2,0.15,2.5,58,6.5,45,1.2,72,62,0.6,1.5,72,,,,,,
players,Sam,Merrill,SG,29,196,205,5,58,0.8,0.8,0.88,3.5,0.48,6.0,0.43,0.3,42,2.2,65,1.5,65,62,0.5,0.2,75,,,,,,
players,Max,Strus,SF,29,198,210,5,62,1.0,1.5,0.82,4.5,0.46,5.8,0.38,0.5,48,2.8,65,1.5,62,62,0.8,0.3,78,,,,,,
players,Isaac,Okoro,SF,25,196,220,5,72,1.2,1.8,0.72,5.5,0.52,3.5,0.34,0.6,48,3.5,68,2.5,62,60,1.0,0.4,72,,,,,,
players,Caris,LeVert,SG,31,201,205,5,62,1.8,2.5,0.76,8.0,0.44,4.5,0.36,0.5,42,2.8,62,3.0,70,58,0.8,0.3,72,,,,,,
players,Tristan,Thompson,C,35,206,254,5,68,1.0,2.2,0.62,5.5,0.56,0.2,0.20,2.5,45,7.5,38,0.8,46,50,0.6,0.8,65,,,,,,
,,,,,,,,,,,,,,,,,,,,,,,,,,,,,,,
,,,,,,,,,,,,,,,,,,,,,,,,,,,,,,,
players,Cooper,Flagg,PF,19,208,210,6,68,1.8,3.5,0.76,8.5,0.50,4.5,0.36,1.5,72,6.7,72,4.5,75,82,1.2,0.9,80,R,,,,,
players,Anthony,Davis,C,32,208,253,6,84,2.0,7.0,0.80,14.5,0.65,2.0,0.28,2.2,90,7.0,62,2.5,80,72,1.4,2.5,86,HH,,,,,
players,PJ,Washington,PF,27,201,230,6,72,1.5,2.5,0.74,7.5,0.46,4.5,0.38,1.0,58,4.5,72,2.0,68,65,1.0,0.8,75,,,,,,
players,Daniel,Gafford,C,27,208,234,6,68,0.9,2.8,0.65,6.5,0.68,0.2,0.20,1.8,52,4.5,52,1.2,70,65,0.6,2.0,72,,,,,,
players,Spencer,Dinwiddie,PG,32,199,215,6,65,2.0,4.5,0.80,7.5,0.42,4.8,0.36,0.4,52,2.5,62,5.0,72,60,0.8,0.3,72,,,,,,
players,Kyrie,Irving,PG,33,190,195,6,70,2.5,4.5,0.88,14.5,0.46,6.5,0.39,0.8,88,3.5,90,5.5,76,68,1.2,0.5,88,SP,,,,,
players,Dante,Exum,PG,30,196,214,6,65,1.0,1.5,0.82,4.5,0.50,3.2,0.35,0.4,48,1.8,65,2.5,55,55,0.5,0.3,68,,,,,,
players,Dwight,Powell,C,34,208,240,6,65,0.8,2.5,0.72,4.5,0.58,1.2,0.26,1.5,40,3.2,42,0.8,58,55,0.8,0.7,62,,,,,,
players,Tim,Hardaway Jr,SG,33,196,205,6,58,0.9,2.0,0.82,6.0,0.48,6.5,0.38,0.3,58,2.5,68,2.0,48,56,0.5,0.2,72,,,,,,
players,Klay,Thompson,SG,35,198,215,6,70,1.4,1.8,0.84,11.5,0.50,7.5,0.41,0.3,72,2.5,65,2.0,68,62,0.8,0.4,80,,,,,,
,,,,,,,,,,,,,,,,,,,,,,,,,,,,,,,
,,,,,,,,,,,,,,,,,,,,,,,,,,,,,,,
players,Nikola,Jokic,C,31,213,284,7,70,2.5,3.8,0.83,13.5,0.58,3.5,0.36,2.5,96,9.5,28,7.5,60,65,1.0,0.7,62,SP,,,,,
players,Jamal,Murray,PG,28,193,215,7,65,2.0,3.2,0.86,10.5,0.48,5.8,0.38,0.8,68,3.5,72,5.5,72,68,1.0,0.3,82,,,,,,
players,Aaron,Gordon,PF,30,203,235,7,72,1.5,2.8,0.72,7.5,0.52,3.5,0.36,1.2,62,4.5,72,2.8,68,68,0.8,0.8,78,SP,,,,,
players,Michael,Porter Jr,SF,27,208,218,7,65,1.2,2.0,0.84,9.5,0.55,5.0,0.40,1.5,72,6.5,70,1.5,65,72,0.7,0.8,78,,,,,,
players,Russell,Westbrook,PG,37,191,220,7,72,3.5,5.5,0.74,14.5,0.50,3.0,0.28,1.2,82,5.0,88,6.0,55,55,1.5,0.3,78,HH,,,,,
players,Peyton,Watson,SF,23,211,195,7,62,1.0,1.2,0.72,4.0,0.50,3.0,0.34,0.8,38,2.8,62,1.2,60,68,0.8,0.8,72,R,,,,,
players,Kentavious,Caldwell-Pope,SG,32,196,202,7,72,0.9,1.2,0.82,5.5,0.48,5.5,0.40,0.5,60,2.8,72,1.8,68,65,1.0,0.3,75,,,,,,
players,Julian,Strawther,SG,24,198,205,7,60,1.2,1.5,0.80,5.5,0.48,5.0,0.38,0.6,38,2.5,62,1.5,60,65,0.6,0.3,72,,,,,,
players,Zeke,Nnaji,C,26,211,240,7,62,0.8,2.0,0.72,4.5,0.58,0.5,0.22,1.5,35,3.5,50,0.8,60,62,0.4,0.8,68,,,,,,
players,DaRon,Holmes II,PF,22,208,230,7,62,1.0,2.0,0.72,5.5,0.52,2.0,0.32,1.0,38,3.5,55,1.2,62,68,0.6,0.8,70,R,,,,,
,,,,,,,,,,,,,,,,,,,,,,,,,,,,,,,
,,,,,,,,,,,,,,,,,,,,,,,,,,,,,,,
players,Cade,Cunningham,PG,24,196,220,8,68,2.5,5.5,0.82,12.5,0.47,6.5,0.36,0.8,78,4.5,78,7.5,76,76,1.2,0.5,82,,,,,,
players,Jalen,Duren,C,22,213,250,8,76,1.2,3.5,0.68,7.5,0.68,0.2,0.12,3.5,62,10.5,45,1.5,68,76,0.6,1.8,78,,,,,,
players,Ausar,Thompson,SF,22,201,210,8,75,1.5,2.2,0.65,6.5,0.52,2.8,0.30,1.5,58,4.5,72,2.5,65,72,1.5,1.0,80,,,,,,
players,Isaiah,Stewart,C,25,206,245,8,70,1.2,3.5,0.75,5.5,0.52,1.5,0.30,1.8,45,5.0,52,1.2,68,68,0.5,1.2,75,,,,,,
players,Malik,Beasley,SG,29,195,187,8,62,1.3,1.7,0.81,9.5,0.45,6.5,0.38,0.8,48,3.5,72,2.0,62,65,0.8,0.2,72,,,,,,
players,Bojan,Bogdanovic,SF,36,203,226,8,62,2.2,3.8,0.88,7.5,0.48,7.5,0.42,0.7,62,3.5,62,2.0,58,58,0.7,0.3,68,,,,,,
players,Malachi,Flynn,PG,26,188,175,8,58,1.5,3.5,0.84,4.5,0.42,4.5,0.39,0.3,28,2.5,65,4.5,55,58,1.0,0.1,70,,,,,,
players,Simone,Fontecchio,SF,28,203,215,8,60,1.0,1.5,0.82,5.5,0.50,5.5,0.40,0.8,45,3.2,65,1.5,60,62,0.5,0.3,72,,,,,,
players,Marcus,Sasser,PG,24,188,190,8,60,1.5,1.8,0.78,5.5,0.45,4.5,0.36,0.4,38,2.2,65,3.5,60,65,0.9,0.2,72,,,,,,
players,Joe,Harris,SF,34,201,220,8,58,0.9,1.8,0.84,4.5,0.46,6.0,0.43,0.5,42,2.5,60,1.2,82,58,0.6,0.3,65,,,,,,
,,,,,,,,,,,,,,,,,,,,,,,,,,,,,,,
,,,,,,,,,,,,,,,,,,,,,,,,,,,,,,,
players,Stephen,Curry,PG,37,190,190,9,68,3.0,3.8,0.92,9.5,0.52,9.5,0.45,0.6,96,3.8,82,6.5,80,68,1.5,0.2,85,HH,,,,,
players,Jimmy,Butler,SG,36,201,230,9,78,1.6,6.5,0.84,9.5,0.54,2.2,0.28,1.2,82,3.8,78,4.5,80,68,1.5,0.4,82,,,,,,
players,Draymond,Green,PF,35,198,230,9,82,1.8,2.0,0.72,4.5,0.54,3.0,0.34,1.0,72,5.5,60,5.0,72,65,1.2,1.0,72,PT,,,,,
players,Jonathan,Kuminga,SF,23,203,215,9,68,1.8,3.5,0.75,9.5,0.54,3.0,0.34,1.0,62,4.5,68,2.0,68,72,0.9,0.5,78,,,,,,
players,Brandin,Podziemski,SG,23,196,195,9,62,1.5,1.8,0.80,5.5,0.48,5.5,0.38,0.6,52,3.5,65,2.5,65,70,0.8,0.3,78,,,,,,
players,Trayce,Jackson-Davis,C,25,208,240,9,68,0.8,2.5,0.68,5.5,0.62,0.2,0.12,1.8,45,5.2,48,1.2,62,65,0.5,1.5,72,,,,,,
players,Gary,Payton II,SG,33,190,195,9,78,0.8,0.8,0.68,3.5,0.55,2.5,0.34,0.8,45,3.5,72,1.5,65,62,1.5,0.5,72,,,,,,
players,Moses,Moody,SG,24,196,200,9,62,0.9,1.2,0.78,5.0,0.48,4.5,0.37,0.6,40,2.5,65,1.8,62,68,0.7,0.3,72,,,,,,
players,Kyle,Anderson,SF,32,206,230,9,62,0.8,1.0,0.70,3.5,0.55,1.5,0.30,0.7,38,3.0,45,1.5,70,62,0.9,0.5,65,,,,,,
players,Pat,Spencer,PG,28,193,200,9,58,0.8,0.8,0.80,2.5,0.48,2.5,0.36,0.3,25,1.8,62,2.5,60,60,0.5,0.2,65,,,,,,
,,,,,,,,,,,,,,,,,,,,,,,,,,,,,,,
,,,,,,,,,,,,,,,,,,,,,,,,,,,,,,,
players,Kevin,Durant,SF,37,210,240,10,72,2.5,5.5,0.87,13.5,0.48,5.2,0.38,0.6,96,5.8,78,4.5,82,58,0.9,1.0,82,,,,,,
players,Alperen,Sengun,C,23,211,247,10,70,2.2,5.5,0.76,12.5,0.60,1.5,0.28,2.5,78,8.5,52,3.5,68,75,0.8,1.2,78,,,,,,
players,Amen,Thompson,SG,23,203,215,10,72,2.0,4.5,0.68,9.5,0.56,2.5,0.28,1.5,72,5.5,80,3.5,68,75,1.5,0.8,82,,,,,,
players,Jalen,Green,SG,24,196,195,10,62,2.5,4.5,0.80,14.5,0.46,6.5,0.37,0.5,75,3.5,78,3.5,65,72,1.2,0.5,82,,,,,,
players,Jabari,Smith Jr,PF,23,208,220,10,68,1.5,2.8,0.78,7.5,0.48,5.5,0.36,1.2,65,5.5,65,1.5,65,72,0.8,1.0,76,,,,,,
players,Tari,Eason,PF,24,201,220,10,70,1.2,2.5,0.72,6.0,0.52,2.5,0.34,1.2,52,4.2,68,1.5,62,68,1.2,0.8,75,,,,,,
players,Aaron,Holiday,SG,29,183,185,10,62,1.0,1.2,0.84,4.5,0.45,3.5,0.40,0.3,38,1.8,60,3.5,72,62,0.6,0.3,70,,,,,,
players,Cam,Whitmore,SF,22,201,235,10,62,1.2,1.8,0.74,5.5,0.50,3.0,0.33,0.8,45,2.8,65,1.5,62,70,0.7,0.5,75,,,,,,
players,Jeff,Green,PF,39,203,235,10,65,1.5,1.8,0.78,4.5,0.46,3.0,0.34,0.8,55,2.5,62,1.0,58,58,0.6,0.5,65,,,,,,
players,Dillon,Brooks,SF,29,201,225,10,62,1.8,2.5,0.78,6.5,0.46,4.5,0.36,0.7,42,3.0,65,1.5,58,60,1.5,0.4,72,,,,,,
,,,,,,,,,,,,,,,,,,,,,,,,,,,,,,,
,,,,,,,,,,,,,,,,,,,,,,,,,,,,,,,
players,Tyrese,Haliburton,PG,26,196,185,11,70,2.0,3.0,0.84,8.5,0.52,7.5,0.42,0.8,78,4.5,80,10.5,72,72,1.5,0.5,82,,,,,,
players,Pascal,Siakam,PF,32,206,230,11,75,2.5,5.0,0.82,12.5,0.48,5.8,0.36,1.5,72,6.5,70,3.5,68,72,1.2,1.2,78,,,,,,
players,Myles,Turner,C,29,211,250,11,76,1.2,2.8,0.79,6.0,0.60,3.5,0.36,1.2,55,5.5,48,1.2,80,68,0.7,2.5,80,PT,,,,,
players,Andrew,Nembhard,PG,26,193,200,11,65,1.5,2.0,0.84,5.5,0.50,4.5,0.40,0.5,48,2.8,72,4.5,72,68,1.0,0.3,75,,,,,,
players,Bennedict,Mathurin,SG,23,196,210,11,64,1.8,2.5,0.80,9.5,0.48,5.5,0.37,0.8,62,3.8,70,2.5,65,70,0.9,0.4,78,,,,,,
players,Obi,Toppin,PF,28,206,220,11,62,1.5,2.5,0.72,7.5,0.50,3.5,0.36,1.0,52,4.5,62,1.5,62,65,0.6,0.8,72,,,,,,
players,Isaiah,Jackson,C,24,213,225,11,65,0.8,2.5,0.65,5.5,0.65,0.2,0.12,1.8,45,5.5,42,1.0,62,68,0.5,2.0,68,,,,,,
players,TJ,McConnell,PG,34,185,190,11,62,1.2,0.8,0.82,5.5,0.52,1.5,0.36,0.4,45,2.2,60,5.0,72,62,1.0,0.2,68,,,,,,
players,James,Wiseman,C,24,216,235,11,65,1.2,2.5,0.70,5.5,0.60,0.3,0.15,2.0,42,5.5,45,0.8,62,65,0.5,2.0,65,,,,,,
players,Jalen,Smith,C,25,208,215,11,62,0.9,1.8,0.74,4.5,0.48,2.5,0.34,1.5,38,4.5,58,0.8,60,62,0.5,1.2,68,,,,,,
,,,,,,,,,,,,,,,,,,,,,,,,,,,,,,,
,,,,,,,,,,,,,,,,,,,,,,,,,,,,,,,
players,Kawhi,Leonard,SF,34,201,225,12,88,1.8,4.8,0.85,10.5,0.54,4.2,0.36,1.0,90,5.0,80,3.5,78,70,1.6,0.7,78,HH,,,,,
players,Norman,Powell,SG,33,191,215,12,68,1.5,2.8,0.84,9.5,0.50,5.8,0.40,0.5,62,3.5,72,2.0,65,68,1.2,0.4,75,,,,,,
players,Ivica,Zubac,C,29,213,240,12,62,0.9,2.5,0.78,7.5,0.62,0.5,0.18,2.0,58,4.5,38,1.2,62,58,0.4,1.2,70,,,,,,
players,Terance,Mann,SF,29,196,215,12,65,1.0,1.5,0.72,5.5,0.52,3.5,0.36,0.8,48,3.5,65,1.5,62,62,0.8,0.5,72,,,,,,
players,Kevin,Porter Jr,PG,25,193,203,12,62,2.0,2.8,0.78,7.5,0.50,4.5,0.36,0.6,52,3.5,70,3.5,65,65,1.0,0.4,72,,,,,,
players,Nicolas,Batum,PF,37,206,230,12,68,1.2,1.2,0.84,4.0,0.38,4.0,0.36,0.8,55,3.5,55,2.8,68,58,0.9,0.4,65,,,,,,
players,Isaiah,Hartenstein,C,27,211,245,12,68,0.9,2.0,0.68,5.5,0.62,0.3,0.15,2.0,45,6.5,45,1.5,62,68,0.5,1.2,72,,,,,,
players,Kobe,Brown,SF,25,201,218,12,62,1.0,1.5,0.75,5.5,0.50,3.5,0.36,0.9,42,3.2,60,1.5,60,65,0.7,0.5,72,,,,,,
players,Amir,Coffey,SG,28,203,210,12,62,0.8,1.2,0.78,3.5,0.48,3.0,0.36,0.6,35,2.5,60,1.2,58,58,0.7,0.3,68,,,,,,
players,Mason,Plumlee,C,35,211,254,12,62,1.2,2.0,0.58,4.5,0.60,0.1,0.10,1.8,32,3.5,22,1.5,58,55,0.6,0.8,58,,,,,,
,,,,,,,,,,,,,,,,,,,,,,,,,,,,,,,
,,,,,,,,,,,,,,,,,,,,,,,,,,,,,,,
players,Luka,Doncic,PG,26,201,230,13,68,3.5,7.5,0.78,12.5,0.55,8.5,0.36,1.2,96,8.5,88,8.5,85,78,1.0,0.4,88,SP,,,,,
players,LeBron,James,SF,41,206,250,13,78,3.2,6.0,0.74,13.5,0.59,4.8,0.34,0.9,100,6.0,90,8.5,95,70,1.2,0.7,92,HF,,,,,
players,Deandre,Ayton,C,27,213,250,13,70,1.2,5.0,0.72,12.5,0.67,0.2,0.12,3.0,62,8.0,52,1.0,62,68,0.6,1.0,72,,,,,,
players,Austin,Reaves,SG,27,193,206,13,65,1.5,2.5,0.86,7.5,0.54,5.5,0.40,0.4,62,3.5,72,4.5,70,70,0.8,0.2,78,,,,,,
players,Rui,Hachimura,PF,27,203,230,13,65,1.3,2.8,0.82,8.5,0.52,3.2,0.36,1.5,58,4.5,68,2.0,72,70,1.0,0.4,75,,,,,,
players,Maxi,Kleber,PF,33,208,240,13,62,0.6,1.2,0.86,3.8,0.52,5.0,0.38,1.2,32,3.0,48,0.8,72,58,0.4,1.2,65,,,,,,
players,Marcus,Smart,PG,31,192,220,13,80,1.5,3.0,0.80,5.5,0.40,5.5,0.34,0.6,52,3.0,68,4.5,68,62,1.5,0.5,72,PT,,,,,
players,Bronny,James,PG,21,190,210,13,58,1.2,1.2,0.76,3.5,0.48,2.5,0.34,0.4,42,2.0,62,2.0,60,65,0.8,0.4,72,R,,,,,
players,Dalton,Knecht,SG,24,196,205,13,60,1.2,1.5,0.80,6.5,0.46,5.5,0.38,0.5,48,2.8,65,1.5,62,68,0.7,0.3,72,R,,,,,
players,Jaxson,Hayes,C,26,211,220,13,62,0.9,2.8,0.68,5.5,0.68,0.1,0.15,1.5,42,3.5,48,1.2,60,65,0.5,1.5,68,,,,,,
,,,,,,,,,,,,,,,,,,,,,,,,,,,,,,,
,,,,,,,,,,,,,,,,,,,,,,,,,,,,,,,
players,Ja,Morant,PG,26,190,174,14,72,2.8,4.5,0.79,12.5,0.58,3.5,0.36,0.6,80,3.5,82,8.5,72,75,1.0,0.3,88,,,,,,
players,Jaren,Jackson Jr,PF,26,211,242,14,76,1.5,3.0,0.76,8.5,0.56,5.0,0.40,1.0,80,4.5,62,1.5,78,74,0.9,2.5,84,,,,,,
players,Cedric,Coward,SF,23,203,215,14,68,1.2,2.0,0.75,5.5,0.52,5.5,0.38,0.8,52,5.9,65,2.8,62,74,1.0,0.5,74,R,,,,,
players,Santi,Aldama,PF,24,211,215,14,62,1.0,1.8,0.78,5.5,0.48,4.5,0.38,0.8,48,4.5,52,1.2,65,65,0.5,0.8,72,,,,,,
players,Zach,Edey,C,24,224,290,14,65,1.0,3.5,0.72,7.5,0.62,0.2,0.10,2.5,52,8.5,35,1.0,62,70,0.4,1.8,70,,,,,,
players,Brandon,Clarke,SF,29,203,215,14,72,1.0,2.0,0.78,5.5,0.60,1.2,0.35,1.5,50,4.5,58,1.5,78,65,0.6,1.2,72,,,,,,
players,Jaylen,Wells,SG,24,198,210,14,62,1.0,1.5,0.78,5.5,0.48,4.5,0.38,0.6,42,3.0,62,1.5,60,68,0.8,0.4,72,R,,,,,
players,Luke,Kennard,SG,29,196,206,14,60,1.2,1.5,0.90,4.5,0.50,6.0,0.42,0.3,42,2.5,60,2.5,80,65,0.5,0.3,72,,,,,,
players,GG,Jackson II,SF,21,206,215,14,62,1.2,2.0,0.72,6.5,0.50,3.0,0.34,0.8,42,3.5,60,1.5,58,68,0.6,0.5,70,,,,,,
players,Lamar,Stevens,SF,28,201,225,14,65,0.8,1.2,0.72,3.5,0.52,1.8,0.32,0.8,35,2.5,58,0.9,58,58,0.7,0.5,65,,,,,,
,,,,,,,,,,,,,,,,,,,,,,,,,,,,,,,
,,,,,,,,,,,,,,,,,,,,,,,,,,,,,,,
players,Tyler,Herro,SG,25,196,195,15,68,2.2,2.5,0.87,12.5,0.46,6.5,0.40,0.3,72,3.8,68,3.5,76,74,0.6,0.2,82,,,,,,
players,Bam,Adebayo,C,28,206,255,15,80,2.0,4.5,0.74,10.5,0.62,0.2,0.18,2.5,70,8.2,62,4.5,76,72,1.0,1.2,80,,,,,,
players,Terry,Rozier,PG,31,185,190,15,68,1.8,2.8,0.84,9.5,0.46,5.8,0.38,0.6,58,3.5,68,4.5,62,62,0.9,0.3,72,,,,,,
players,Nikola,Jovic,PF,23,213,215,15,65,1.5,2.2,0.78,6.5,0.50,4.5,0.38,1.0,55,4.2,62,2.5,68,72,0.8,0.8,75,,,,,,
players,Haywood,Highsmith,SF,29,201,222,15,68,0.8,1.0,0.75,3.5,0.50,4.5,0.38,0.8,42,3.0,65,1.2,62,60,0.8,0.5,72,,,,,,
players,Caleb,Martin,SF,30,196,205,15,65,1.0,1.5,0.70,4.5,0.52,3.5,0.34,0.8,42,3.5,68,1.5,62,60,0.9,0.5,70,,,,,,
players,Jaime,Jaquez Jr,SF,24,198,210,15,65,1.2,2.0,0.76,6.5,0.50,3.5,0.36,0.8,52,3.8,65,2.5,65,68,0.8,0.4,75,R,,,,,
players,Duncan,Robinson,SF,31,201,215,15,58,0.7,1.0,0.87,2.5,0.48,7.5,0.46,0.2,42,2.5,65,1.2,65,62,0.4,0.2,72,,,,,,
players,Josh,Richardson,SG,32,196,200,15,70,1.2,2.0,0.82,6.5,0.46,4.5,0.35,0.7,52,2.8,70,2.5,80,62,1.0,0.6,72,,,,,,
players,Kevin,Love,PF,37,203,251,15,65,1.8,3.5,0.84,6.5,0.52,5.5,0.38,1.5,65,7.5,58,2.0,68,55,0.6,0.7,65,,,,,,
,,,,,,,,,,,,,,,,,,,,,,,,,,,,,,,
,,,,,,,,,,,,,,,,,,,,,,,,,,,,,,,
players,Giannis,Antetokounmpo,PF,31,211,242,16,86,3.0,8.0,0.68,13.5,0.68,3.5,0.30,1.8,98,9.5,92,5.5,72,80,1.0,1.2,95,HH,,,,,
players,Damian,Lillard,PG,35,188,195,16,66,2.5,6.5,0.90,10.5,0.47,9.5,0.41,0.7,92,3.5,90,7.2,78,72,1.0,0.3,88,HH,,,,,
players,Khris,Middleton,SF,34,201,222,16,68,1.8,3.0,0.88,8.5,0.50,5.5,0.42,0.6,62,4.5,68,3.5,65,62,1.0,0.2,72,,,,,,
players,Brook,Lopez,C,37,213,282,16,68,1.2,2.5,0.82,8.5,0.60,3.8,0.32,1.2,65,3.8,42,1.5,62,62,0.5,2.5,72,,,,,,
players,Bobby,Portis,C,31,208,250,16,58,1.0,1.5,0.78,7.5,0.48,3.5,0.37,1.5,52,5.5,52,1.5,75,62,0.5,0.5,65,,,,,,
players,Gary,Trent Jr,SG,26,196,209,16,62,0.7,1.2,0.82,7.5,0.45,6.5,0.40,0.4,52,2.8,68,1.5,65,66,0.7,0.3,72,,,,,,
players,Pat,Connaughton,SF,33,196,209,16,62,1.2,1.0,0.76,2.8,0.52,3.5,0.37,0.6,38,2.8,68,1.2,60,60,0.4,0.3,65,,,,,,
players,MarJon,Beauchamp,SF,24,198,205,16,62,1.0,1.5,0.72,4.5,0.50,3.5,0.35,0.8,42,3.5,60,1.2,60,65,0.8,0.5,72,,,,,,
players,AJ,Green,SG,26,198,215,16,58,0.7,0.8,0.84,3.5,0.46,5.5,0.40,0.5,35,2.0,62,0.8,62,62,0.5,0.2,70,,,,,,
players,Malik,Beasley,SG,29,195,187,16,62,1.2,1.5,0.82,9.5,0.46,6.5,0.39,0.6,48,3.5,70,2.0,62,68,0.7,0.2,72,,,,,,
,,,,,,,,,,,,,,,,,,,,,,,,,,,,,,,
,,,,,,,,,,,,,,,,,,,,,,,,,,,,,,,
players,Anthony,Edwards,SG,24,196,225,17,72,2.5,4.0,0.80,13.5,0.48,6.8,0.36,0.5,88,4.5,82,3.5,78,78,1.2,0.5,88,,,,,,
players,Rudy,Gobert,C,33,216,258,17,90,2.0,5.5,0.66,8.0,0.65,0.1,0.05,4.0,72,11.0,42,1.5,62,68,0.8,2.8,72,IH,,,,,
players,Julius,Randle,PF,31,203,250,17,62,2.2,5.5,0.74,11.5,0.58,3.5,0.32,2.0,68,7.5,58,3.5,68,68,0.8,0.5,75,HH,,,,,
players,Naz,Reid,C,26,218,264,17,65,1.2,2.5,0.72,5.5,0.52,4.5,0.36,1.2,42,4.5,55,1.2,80,68,0.5,1.0,72,,,,,,
players,Jaden,McDaniels,SF,25,208,185,17,70,1.5,2.0,0.78,6.5,0.46,4.5,0.36,0.7,52,4.5,65,2.0,72,72,0.8,1.2,75,,,,,,
players,Mike,Conley,PG,34,185,175,17,70,1.8,3.8,0.84,5.8,0.44,5.0,0.40,0.6,70,2.5,78,5.5,68,65,1.2,0.3,75,HH,,,,,
players,Nickeil,Alexander-Walker,SG,27,196,205,17,65,1.8,1.8,0.76,6.5,0.46,5.0,0.38,0.4,42,3.0,65,2.5,72,68,0.8,0.3,72,,,,,,
players,Joe,Ingles,SF,38,201,220,17,68,2.0,1.5,0.80,3.0,0.46,5.0,0.43,0.4,52,3.5,58,5.5,60,65,1.0,0.3,65,PT,,,,,
players,Leonard,Miller,SF,22,211,213,17,62,1.0,1.5,0.70,4.5,0.50,3.0,0.34,0.8,38,3.5,58,1.2,62,68,0.6,0.8,70,R,,,,,
players,Rob,Dillingham,PG,21,185,175,17,58,1.5,2.0,0.78,6.5,0.46,4.5,0.36,0.3,40,2.2,65,3.5,60,70,0.8,0.2,72,R,,,,,
,,,,,,,,,,,,,,,,,,,,,,,,,,,,,,,
,,,,,,,,,,,,,,,,,,,,,,,,,,,,,,,
players,Zion,Williamson,PF,25,198,284,18,72,2.5,7.5,0.68,15.5,0.66,1.5,0.36,2.5,84,6.0,88,2.5,78,76,0.9,0.6,78,,,,,,
players,Brandon,Ingram,SF,28,201,190,18,65,2.8,5.5,0.85,12.5,0.52,6.5,0.40,0.8,70,5.0,68,4.5,82,72,0.9,0.8,84,,,,,,
players,CJ,McCollum,SG,34,190,190,18,62,1.8,2.5,0.80,11.5,0.46,6.5,0.40,0.5,82,3.0,80,4.0,68,68,1.0,0.7,84,HH,,,,,
players,Dejounte,Murray,PG,29,193,180,18,80,2.2,2.5,0.76,9.5,0.48,4.0,0.38,1.2,55,5.5,70,5.5,80,72,1.6,0.5,78,,,,,,
players,Jeremiah,Fears,PG,19,193,185,18,62,1.8,3.0,0.78,8.5,0.46,5.0,0.36,0.4,55,3.5,70,4.0,65,76,1.0,0.3,74,R,,,,,
players,Herb,Jones,SF,26,201,210,18,75,1.2,1.5,0.72,4.5,0.48,3.5,0.36,0.8,52,3.5,72,1.5,65,65,1.5,0.7,72,,,,,,
players,Jordan,Hawkins,SG,24,196,195,18,60,1.0,1.0,0.80,5.5,0.48,5.5,0.40,0.4,42,2.2,65,1.8,62,68,0.7,0.2,72,R,,,,,
players,Trey,Murphy III,SF,25,201,205,18,62,1.0,1.5,0.82,6.5,0.50,5.5,0.40,0.5,52,3.2,65,1.5,65,68,0.8,0.4,75,,,,,,
players,Yves,Missi,C,22,213,245,18,65,0.8,2.5,0.65,5.5,0.64,0.2,0.10,2.5,38,5.5,42,0.8,60,68,0.4,1.5,68,R,,,,,
players,Jeremiah,Robinson-Earl,PF,24,206,230,18,62,1.2,1.8,0.78,4.5,0.48,2.5,0.35,1.0,38,3.8,55,1.2,65,65,0.5,0.5,70,,,,,,
,,,,,,,,,,,,,,,,,,,,,,,,,,,,,,,
,,,,,,,,,,,,,,,,,,,,,,,,,,,,,,,
players,Jalen,Brunson,PG,29,185,190,19,68,1.5,2.0,0.84,10.5,0.52,5.5,0.40,0.3,82,3.0,85,7.5,82,68,0.5,0.2,88,,,,,,
players,Karl-Anthony,Towns,C,30,211,248,19,70,2.5,5.5,0.82,11.5,0.58,6.5,0.42,2.5,82,9.0,62,3.5,65,72,0.8,1.2,85,HH,,,,,
players,OG,Anunoby,SF,28,201,232,19,72,1.5,1.8,0.72,7.5,0.52,5.0,0.38,1.2,60,5.2,70,2.0,72,70,2.0,1.0,78,,,,,,
players,Mikal,Bridges,SG,29,198,209,19,72,1.8,2.5,0.84,8.5,0.50,5.5,0.38,1.0,55,4.5,72,2.8,72,70,1.8,0.7,75,,,,,,
players,Josh,Hart,SG,30,196,215,19,68,1.3,1.8,0.75,5.5,0.52,4.5,0.36,1.0,58,7.5,68,2.5,75,65,1.2,0.5,78,,,,,,
players,Mitchell,Robinson,C,28,213,240,19,80,0.8,2.5,0.62,6.5,0.72,0.0,0.00,3.5,55,6.5,55,0.8,68,74,0.8,2.5,78,HH,,,,,
players,Precious,Achiuwa,PF,26,206,215,19,68,1.5,2.8,0.70,6.5,0.56,1.5,0.32,1.5,42,5.5,65,1.2,75,68,0.9,1.2,78,,,,,,
players,Landry,Shamet,SG,28,193,190,19,58,0.6,1.0,0.88,2.5,0.46,6.5,0.43,0.2,42,2.0,58,2.0,85,72,0.4,0.2,72,,,,,,
players,Miles,McBride,PG,25,185,180,19,62,1.2,1.5,0.80,4.5,0.48,3.5,0.38,0.3,38,2.0,65,3.5,62,68,0.8,0.2,72,,,,,,
players,Shake,Milton,SG,28,196,205,19,58,1.4,1.5,0.78,5.5,0.50,5.0,0.42,0.3,35,2.8,62,3.0,62,62,0.7,0.2,70,,,,,,
,,,,,,,,,,,,,,,,,,,,,,,,,,,,,,,
,,,,,,,,,,,,,,,,,,,,,,,,,,,,,,,
players,Shai,G-Alexander,PG,27,196,180,20,80,2.5,4.5,0.87,14.5,0.50,5.5,0.37,0.7,88,5.8,85,5.5,78,78,1.5,0.6,88,PT,,,,,
players,Chet,Holmgren,C,23,221,195,20,76,1.5,3.2,0.78,8.5,0.58,4.5,0.36,1.2,78,6.5,52,1.5,78,78,0.8,2.8,80,,,,,,
players,Jalen,Williams,SF,24,198,212,20,70,1.8,3.5,0.82,10.5,0.52,5.5,0.38,0.8,78,4.5,72,4.5,76,76,1.2,0.5,82,,,,,,
players,Isaiah,Joe,PG,26,196,165,20,62,1.2,1.8,0.84,4.5,0.44,7.5,0.40,0.3,38,2.8,65,2.5,60,68,0.8,0.2,78,,,,,,
players,Aaron,Wiggins,SG,26,201,190,20,68,1.0,1.5,0.78,5.5,0.50,5.0,0.38,0.6,48,3.0,72,2.0,65,68,1.0,0.4,72,,,,,,
players,Alex,Caruso,PG,31,196,186,20,72,1.6,1.8,0.82,3.5,0.50,3.0,0.38,0.5,65,2.8,82,2.5,68,72,1.4,0.5,78,CG,,,,,
players,Lu,Dort,SG,26,190,215,20,68,1.5,1.5,0.80,5.5,0.46,4.5,0.34,0.6,52,3.0,62,1.5,65,68,1.2,0.3,75,,,,,,
players,Kenrich,Williams,SF,31,198,210,20,65,1.0,1.2,0.68,3.8,0.50,3.2,0.35,1.2,35,3.5,55,2.0,62,62,0.9,0.7,68,,,,,,
players,Nikola,Topic,PG,21,198,195,20,58,1.5,2.0,0.76,5.5,0.46,3.5,0.35,0.4,38,2.5,62,3.5,60,70,0.8,0.3,70,R,,,,,
players,Ousmane,Dieng,PF,24,213,210,20,60,1.0,1.5,0.72,4.5,0.48,3.0,0.35,0.8,38,3.2,55,1.2,62,68,0.6,0.8,70,,,,,,
,,,,,,,,,,,,,,,,,,,,,,,,,,,,,,,
,,,,,,,,,,,,,,,,,,,,,,,,,,,,,,,
players,Paolo,Banchero,PF,23,211,250,21,72,2.0,5.5,0.76,12.5,0.50,4.5,0.34,1.5,82,7.5,72,4.5,75,78,1.0,0.8,82,,,,,,
players,Franz,Wagner,SF,24,203,215,21,68,2.0,3.5,0.80,10.5,0.50,4.5,0.36,0.8,72,5.5,72,3.5,72,75,0.9,0.5,78,,,,,,
players,Desmond,Bane,SG,27,196,215,21,65,1.5,2.5,0.84,8.5,0.48,6.5,0.40,0.5,68,4.5,70,4.6,70,70,1.0,0.4,78,,,,,,
players,Jalen,Suggs,PG,24,193,205,21,72,2.0,3.5,0.74,7.5,0.48,4.5,0.36,0.7,58,4.0,72,5.5,72,72,1.5,0.5,78,,,,,,
players,Wendell,Carter Jr,C,26,206,270,21,75,1.5,3.2,0.76,7.5,0.62,1.0,0.25,2.5,62,7.5,55,1.5,65,68,0.8,1.2,78,HH,,,,,
players,Jonathan,Isaac,PF,28,211,230,21,78,1.2,2.2,0.78,6.5,0.48,3.5,0.35,1.8,45,5.5,58,1.8,72,70,1.8,2.8,78,,,,,,
players,Markelle,Fultz,PG,27,190,209,21,68,2.0,2.5,0.78,7.5,0.48,2.5,0.35,0.6,62,3.5,72,5.0,68,70,1.2,0.3,72,,,,,,
players,Mo,Bamba,C,27,213,231,21,72,2.2,1.8,0.70,6.0,0.50,2.5,0.36,1.5,38,5.5,38,1.2,60,70,0.5,2.5,68,,,,,,
players,Gary,Harris,SG,31,193,210,21,68,0.9,1.5,0.82,5.5,0.48,4.5,0.36,0.6,52,2.5,70,1.5,60,65,1.0,0.3,72,,,,,,
players,Tristan,da Silva,SF,24,208,215,21,62,1.0,1.5,0.78,5.5,0.48,4.5,0.38,0.8,42,3.5,62,1.5,62,68,0.7,0.5,72,R,,,,,
,,,,,,,,,,,,,,,,,,,,,,,,,,,,,,,
,,,,,,,,,,,,,,,,,,,,,,,,,,,,,,,
players,Joel,Embiid,C,32,213,280,22,80,3.5,9.0,0.85,13.5,0.50,4.0,0.35,2.2,90,9.5,60,3.5,65,72,0.9,2.2,82,,,,,,
players,Tyrese,Maxey,PG,25,188,190,22,70,1.8,3.5,0.86,12.5,0.50,5.5,0.38,0.2,72,3.5,72,6.5,80,74,0.7,0.2,85,,,,,,
players,Paul,George,SG,35,203,220,22,85,2.5,4.2,0.87,9.0,0.48,7.5,0.40,0.6,88,5.5,90,3.5,72,67,1.4,0.5,84,SP,,,,,
players,VJ,Edgecombe,SG,20,193,188,22,66,1.8,2.5,0.82,8.5,0.48,4.5,0.35,0.6,58,3.5,70,3.0,65,76,1.2,0.5,76,R,,,,,
players,Andre,Drummond,C,32,208,279,22,78,2.0,4.0,0.57,10.5,0.59,0.5,0.15,4.5,68,11.5,50,1.8,62,65,1.5,1.5,70,HH,,,,,
players,Kelly,Oubre Jr,SF,30,201,203,22,70,2.0,6.5,0.76,8.5,0.46,5.5,0.36,1.5,62,5.8,72,1.8,68,68,1.8,1.0,72,,,,,,
players,Kyle,Lowry,PG,40,183,196,22,72,2.5,4.2,0.82,5.5,0.44,6.0,0.36,0.5,82,3.5,78,7.5,72,70,1.2,0.2,72,HH,,,,,
players,KJ,Martin,PF,26,201,220,22,65,1.0,1.8,0.70,5.5,0.54,2.5,0.34,1.2,42,3.5,65,1.5,58,62,0.7,0.8,68,,,,,,
players,Eric,Gordon,SG,38,190,215,22,62,1.5,2.8,0.76,6.0,0.48,5.5,0.35,0.2,62,1.8,70,2.0,72,58,0.7,0.3,72,EX,,,,,
players,Jared,McCain,SG,21,193,195,22,60,1.2,1.5,0.78,6.5,0.46,5.0,0.37,0.4,45,2.5,65,2.5,62,70,0.8,0.2,72,R,,,,,
,,,,,,,,,,,,,,,,,,,,,,,,,,,,,,,
,,,,,,,,,,,,,,,,,,,,,,,,,,,,,,,
players,Devin,Booker,SG,29,206,206,23,66,3.5,7.5,0.89,13.5,0.50,6.5,0.37,0.7,88,4.2,72,6.5,72,80,1.0,0.4,90,SP,,,,,
players,Bradley,Beal,SG,32,191,207,23,70,2.8,7.5,0.84,12.5,0.46,7.0,0.36,0.8,80,3.5,80,5.5,72,70,1.2,0.5,82,SP,,,,,
players,Jusuf,Nurkic,C,31,213,290,23,70,2.2,4.0,0.72,9.5,0.52,0.5,0.12,2.5,52,6.5,38,2.5,60,65,0.8,1.2,65,,,,,,
players,Grayson,Allen,SG,30,193,198,23,62,0.8,1.2,0.84,4.5,0.52,6.5,0.42,0.3,42,2.5,62,1.5,62,65,0.4,0.3,72,,,,,,
players,Bol,Bol,C,26,221,235,23,58,1.0,2.0,0.72,4.5,0.52,3.5,0.35,1.5,40,3.5,50,0.8,60,65,0.4,1.8,65,,,,,,
players,Tyus,Jones,PG,29,183,196,23,62,0.7,0.8,0.78,5.5,0.54,2.5,0.38,0.2,42,2.2,65,4.5,80,65,0.8,0.1,68,,,,,,
players,Royce,ONeale,SF,33,193,226,23,70,1.2,1.2,0.80,3.5,0.48,4.5,0.42,0.4,40,4.5,65,3.0,72,62,1.0,0.7,68,,,,,,
players,Damion,Lee,SG,33,196,210,23,60,0.9,2.0,0.86,4.5,0.50,4.5,0.38,0.5,32,3.0,65,2.0,68,65,0.9,0.2,68,,,,,,
players,Drew,Eubanks,C,29,206,245,23,60,1.2,2.0,0.78,4.5,0.66,0.1,0.15,1.0,30,3.5,48,1.0,62,62,0.4,0.8,62,,,,,,
players,David,Roddy,SF,23,201,225,23,58,0.9,1.2,0.76,3.5,0.48,2.5,0.35,0.7,28,2.2,58,0.9,60,62,0.5,0.3,68,,,,,,
,,,,,,,,,,,,,,,,,,,,,,,,,,,,,,,
,,,,,,,,,,,,,,,,,,,,,,,,,,,,,,,
players,Scoot,Henderson,PG,22,190,195,24,68,2.5,4.5,0.75,10.5,0.48,4.5,0.32,0.5,68,3.5,80,6.5,65,72,1.0,0.3,80,,,,,,
players,Anfernee,Simons,SG,26,190,181,24,62,2.0,2.8,0.84,11.5,0.46,7.5,0.38,0.4,65,3.0,78,3.8,62,70,0.7,0.2,80,,,,,,
players,Jerami,Grant,PF,31,203,210,24,70,1.0,2.8,0.76,8.5,0.52,4.0,0.38,0.8,68,3.5,58,1.5,62,62,0.9,1.0,72,,,,,,
players,Deni,Avdija,SF,24,203,210,24,68,1.5,2.5,0.82,6.5,0.46,3.8,0.38,1.0,48,4.5,65,2.5,82,72,1.2,0.4,72,,,,,,
players,Matisse,Thybulle,SF,28,196,201,24,80,1.2,1.2,0.68,3.5,0.44,4.5,0.38,0.8,40,2.5,78,2.5,75,68,2.0,1.2,72,,,,,,
players,Shaedon,Sharpe,SG,23,196,204,24,62,1.5,2.0,0.76,8.5,0.48,4.5,0.36,0.5,55,3.2,72,2.0,62,72,0.8,0.4,78,,,,,,
players,Jabari,Walker,PF,24,206,215,24,60,1.0,1.8,0.70,5.5,0.50,2.8,0.34,1.0,38,4.5,58,1.2,60,68,0.6,0.8,70,,,,,,
players,Toumani,Camara,PF,24,203,210,24,62,1.0,1.5,0.72,4.5,0.50,3.0,0.34,0.8,38,3.5,60,1.5,60,65,0.8,0.6,70,R,,,,,
players,Robert,Williams III,C,28,206,240,24,68,0.8,2.5,0.65,5.5,0.62,0.2,0.12,2.0,42,5.5,45,0.8,58,62,0.5,2.0,65,,,,,,
players,Ibou,Badji,C,27,213,245,24,60,0.6,1.5,0.62,3.5,0.62,0.1,0.10,1.5,28,3.5,38,0.6,55,60,0.4,1.2,62,,,,,,
,,,,,,,,,,,,,,,,,,,,,,,,,,,,,,,
,,,,,,,,,,,,,,,,,,,,,,,,,,,,,,,
players,Domantas,Sabonis,C,29,211,240,25,65,1.8,3.8,0.74,12.5,0.64,1.5,0.28,2.0,62,9.5,58,4.5,68,70,0.6,0.5,80,,,,,,
players,Malik,Monk,PG,27,195,187,25,64,1.8,2.0,0.84,10.5,0.50,7.5,0.40,0.7,62,3.5,78,3.5,68,70,0.8,0.2,80,,,,,,
players,Kevin,Huerter,SG,27,204,190,25,62,0.9,1.2,0.84,5.5,0.46,6.5,0.41,0.8,58,3.5,68,3.5,65,68,0.8,0.3,72,,,,,,
players,Harrison,Barnes,SF,33,203,225,25,68,1.3,3.2,0.82,7.5,0.48,4.0,0.38,1.2,68,5.0,70,2.0,75,68,0.7,0.3,80,PT,,,,,
players,Keegan,Murray,SF,25,203,215,25,65,1.2,1.8,0.82,7.5,0.50,5.5,0.38,1.0,55,4.5,65,1.5,65,68,0.8,0.5,75,,,,,,
players,Alex,Len,C,32,213,250,25,65,1.0,2.0,0.70,5.5,0.62,0.5,0.25,1.8,40,4.5,35,0.8,58,60,0.6,1.2,62,,,,,,
players,Maxime,Raynaud,C,23,216,240,25,62,0.8,2.5,0.72,7.5,0.60,1.5,0.32,2.0,42,7.5,48,1.2,60,70,0.4,1.5,68,R,,,,,
players,Trey,Lyles,PF,30,206,234,25,62,1.0,1.5,0.75,4.5,0.46,4.0,0.36,1.0,45,4.5,52,1.5,62,62,0.7,0.8,68,,,,,,
players,Chris,Duarte,SG,28,196,200,25,62,0.8,1.2,0.82,5.5,0.48,5.5,0.39,0.6,40,2.8,65,1.5,60,62,0.8,0.3,68,,,,,,
players,Sasha,Vezenkov,SF,28,206,225,25,60,1.0,1.5,0.80,5.5,0.48,4.5,0.38,0.8,45,4.2,55,1.5,75,65,0.6,0.5,68,,,,,,
,,,,,,,,,,,,,,,,,,,,,,,,,,,,,,,
,,,,,,,,,,,,,,,,,,,,,,,,,,,,,,,
players,Victor,Wembanyama,C,22,224,220,26,78,2.5,4.5,0.78,10.5,0.50,4.5,0.32,1.8,90,8.5,58,3.5,80,85,1.8,4.0,82,,,,,,
players,De'Aaron,Fox,PG,27,190,185,26,72,2.8,6.0,0.72,12.5,0.50,4.0,0.35,0.6,72,4.5,92,7.5,65,75,1.4,0.6,85,,,,,,
players,Stephon,Castle,PG,22,198,205,26,68,1.8,3.5,0.78,8.5,0.48,4.5,0.36,0.6,68,4.5,72,4.5,72,76,1.5,0.5,80,,,,,,
players,Dylan,Harper,PG,19,198,205,26,64,1.8,3.5,0.78,9.5,0.50,4.5,0.35,0.6,58,3.9,72,3.9,68,78,1.0,0.4,76,R,,,,,
players,Devin,Vassell,SG,25,201,195,26,68,1.8,2.5,0.80,7.5,0.46,5.5,0.40,0.7,55,3.5,68,2.5,68,70,0.9,0.4,75,,,,,,
players,Jeremy,Sochan,PF,23,203,228,26,68,1.2,2.5,0.72,6.5,0.52,2.8,0.34,1.2,52,4.2,65,2.5,68,70,1.2,0.8,72,,,,,,
players,Keldon,Johnson,SF,26,196,220,26,62,1.8,2.8,0.72,7.5,0.52,3.5,0.38,0.5,42,3.5,68,2.5,65,65,0.6,0.3,75,,,,,,
players,Chris,Paul,PG,41,185,175,26,78,2.0,4.0,0.90,7.5,0.48,4.0,0.36,0.3,80,4.2,78,8.0,82,68,1.4,0.1,78,CG,,,,,
players,Zach,Collins,C,28,211,250,26,62,1.5,2.5,0.76,6.5,0.48,2.5,0.38,1.0,45,4.5,52,1.5,72,65,0.5,1.0,65,,,,,,
players,Malaki,Branham,SG,24,196,195,26,60,1.2,1.5,0.78,5.5,0.48,4.5,0.37,0.4,42,2.5,65,1.8,62,68,0.7,0.3,72,,,,,,
,,,,,,,,,,,,,,,,,,,,,,,,,,,,,,,
,,,,,,,,,,,,,,,,,,,,,,,,,,,,,,,
players,Scottie,Barnes,SF,25,206,225,27,72,2.2,4.5,0.74,9.5,0.52,4.0,0.33,1.5,78,7.5,72,4.5,74,74,1.5,1.0,80,,,,,,
players,RJ,Barrett,SG,25,198,214,27,66,2.0,4.5,0.72,11.5,0.50,5.0,0.36,0.8,62,5.2,68,3.5,78,76,0.9,0.5,78,,,,,,
players,Immanuel,Quickley,PG,26,188,195,27,65,1.8,2.5,0.86,8.5,0.46,6.5,0.38,0.3,60,3.5,68,5.5,68,70,0.8,0.2,78,,,,,,
players,Jakob,Poeltl,C,31,216,245,27,68,1.2,2.5,0.60,6.5,0.64,0.1,0.25,2.5,42,5.8,40,2.5,75,68,0.8,2.5,70,,,,,,
players,Gradey,Dick,SG,22,203,200,27,60,1.0,1.5,0.82,5.5,0.46,6.5,0.40,0.5,45,2.8,65,1.5,65,72,0.7,0.4,75,R,,,,,
players,Kelly,Olynyk,C,34,211,240,27,62,1.0,1.5,0.80,4.5,0.52,4.5,0.40,0.8,40,4.0,45,1.5,72,62,0.7,0.4,68,IH,,,,,
players,Davion,Mitchell,PG,27,185,195,27,65,1.2,1.2,0.78,5.5,0.46,4.5,0.36,0.3,42,2.5,65,3.5,62,62,0.9,0.2,72,,,,,,
players,Bruce,Brown,SG,29,193,202,27,68,1.2,1.8,0.76,5.5,0.52,2.5,0.34,0.9,38,3.5,72,2.5,58,65,1.0,0.5,70,,,,,,
players,Chris,Boucher,C,33,206,200,27,65,1.8,2.5,0.78,5.5,0.48,3.5,0.34,1.8,42,4.0,62,1.0,68,65,0.7,1.8,65,,,,,,
players,Gary,Trent Jr,SG,26,196,209,27,60,0.7,1.2,0.82,7.5,0.45,6.5,0.40,0.4,52,2.8,68,1.5,65,66,0.7,0.3,72,,,,,,
,,,,,,,,,,,,,,,,,,,,,,,,,,,,,,,
,,,,,,,,,,,,,,,,,,,,,,,,,,,,,,,
players,Lauri,Markkanen,PF,28,213,240,28,62,1.5,3.0,0.86,10.5,0.52,7.5,0.38,1.2,75,7.5,58,2.5,68,68,0.7,0.8,80,,,,,,
players,Collin,Sexton,PG,27,185,190,28,68,2.0,3.5,0.85,13.5,0.52,4.5,0.38,0.6,68,2.8,75,3.5,78,68,0.8,0.2,80,,,,,,
players,Ace,Bailey,SF,19,208,210,28,64,1.5,3.0,0.76,7.5,0.44,5.5,0.34,1.0,55,4.2,65,2.0,68,76,0.8,0.8,74,R,,,,,
players,Walker,Kessler,C,24,216,245,28,72,0.8,2.5,0.68,5.5,0.68,0.1,0.08,2.5,52,8.5,42,1.5,65,68,0.5,3.0,72,,,,,,
players,Jordan,Clarkson,SG,33,193,192,28,60,1.6,2.5,0.82,9.5,0.48,6.5,0.38,1.0,65,3.0,78,2.5,65,65,1.0,0.3,78,SP,,,,,
players,John,Collins,PF,28,211,235,28,65,1.5,2.5,0.78,10.5,0.56,3.5,0.35,1.8,58,7.5,55,1.5,62,66,0.6,1.2,72,,,,,,
players,Keyonte,George,PG,22,193,195,28,58,1.8,2.2,0.80,7.5,0.44,5.5,0.36,0.3,48,2.5,68,3.5,60,70,0.7,0.2,72,R,,,,,
players,Brice,Sensabaugh,SG,22,198,215,28,58,1.0,1.5,0.78,6.5,0.50,4.5,0.38,0.5,40,2.8,62,1.2,60,68,0.6,0.4,72,R,,,,,
players,Ochai,Agbaji,SG,26,196,210,28,65,1.2,1.2,0.75,5.5,0.48,5.5,0.36,0.8,42,3.5,65,1.8,62,68,0.7,0.3,72,,,,,,
players,Kyle,Filipowski,PF,22,213,230,28,62,1.0,2.0,0.76,5.5,0.52,3.5,0.36,1.2,40,4.5,58,1.5,62,70,0.5,0.8,70,R,,,,,
,,,,,,,,,,,,,,,,,,,,,,,,,,,,,,,
,,,,,,,,,,,,,,,,,,,,,,,,,,,,,,,
players,Trae,Young,PG,27,186,180,29,60,4.5,9.5,0.88,13.5,0.44,10.5,0.38,0.6,82,3.8,85,11.5,75,74,1.5,0.2,88,HH,,,,,
players,Alexandre,Sarr,C,21,213,220,29,72,1.5,3.5,0.75,7.5,0.55,2.5,0.32,2.0,72,7.5,52,1.5,75,78,0.8,2.5,78,R,,,,,
players,Bilal,Coulibaly,SF,22,201,195,29,70,1.5,2.0,0.72,5.5,0.48,3.5,0.36,0.8,55,4.5,68,2.5,72,75,1.5,0.8,75,R,,,,,
players,Tre,Johnson,SG,19,198,195,29,62,1.5,2.0,0.80,8.5,0.46,5.5,0.37,0.4,52,3.5,68,2.5,65,74,0.8,0.3,72,R,,,,,
players,Jordan,Poole,PG,26,193,194,29,60,2.2,2.5,0.84,10.5,0.46,6.5,0.37,0.5,55,2.5,70,3.5,62,68,0.8,0.2,78,,,,,,
players,Kyle,Kuzma,PF,30,203,221,29,65,1.5,2.8,0.74,8.5,0.52,5.5,0.34,0.9,58,5.5,65,2.5,65,62,0.5,0.4,72,,,,,,
players,Bub,Carrington,SG,22,193,185,29,60,1.5,2.0,0.80,6.5,0.46,5.0,0.37,0.4,48,3.0,65,2.5,65,72,0.7,0.3,72,R,,,,,
players,Corey,Kispert,SG,26,198,215,29,60,1.5,1.8,0.84,4.5,0.46,6.0,0.41,0.6,38,3.2,65,1.8,60,65,0.7,0.2,70,,,,,,
players,Marvin,Bagley III,PF,26,211,235,29,60,1.3,3.5,0.74,8.5,0.50,2.5,0.32,2.0,48,6.5,60,1.2,52,65,0.6,1.2,70,,,,,,
players,Richaun,Holmes,C,32,208,235,29,68,1.2,2.5,0.80,6.5,0.62,0.1,0.20,2.5,48,5.5,48,1.2,60,60,1.0,1.4,65,,,,,,
,,,,,,,,,,,,,,,,,,,,,,,,,,,,,,,
,,,,,,,,,,,,,,,,,,,,,,,,,,,,,,,
,,,,,,,,,,,,,,,,,,,,,,,,,,,,,,,
,,,,,,,,,,,,,,,,,,,,,,,,,,,,,,,
,,,,,,,,,,,,,,,,,,,,,,,,,,,,,,,
,,,,,,,,,,,,,,,,,,,,,,,,,,,,,,,
,,,,,,,,,,,,,,,,,,,,,,,,,,,,,,,
,,,,,,,,,,,,,,,,,,,,,,,,,,,,,,,
,,,,,,,,,,,,,,,,,,,,,,,,,,,,,,,
,,,,,,,,,,,,,,,,,,,,,,,,,,,,,,,
,,,,,,,,,,,,,,,,,,,,,,,,,,,,,,,
,,,,,,,,,,,,,,,,,,,,,,,,,,,,,,,
,,,,,,,,,,,,,,,,,,,,,,,,,,,,,,,
,,,,,,,,,,,,,,,,,,,,,,,,,,,,,,,
,,,,,,,,,,,,,,,,,,,,,,,,,,,,,,,
,,,,,,,,,,,,,,,,,,,,,,,,,,,,,,,
,,,,,,,,,,,,,,,,,,,,,,,,,,,,,,,
,,,,,,,,,,,,,,,,,,,,,,,,,,,,,,,
,,,,,,,,,,,,,,,,,,,,,,,,,,,,,,,
,,,,,,,,,,,,,,,,,,,,,,,,,,,,,,,
,,,,,,,,,,,,,,,,,,,,,,,,,,,,,,,
,,,,,,,,,,,,,,,,,,,,,,,,,,,,,,,
,,,,,,,,,,,,,,,,,,,,,,,,,,,,,,,
,,,,,,,,,,,,,,,,,,,,,,,,,,,,,,,
,,,,,,,,,,,,,,,,,,,,,,,,,,,,,,,
,,,,,,,,,,,,,,,,,,,,,,,,,,,,,,,
,,,,,,,,,,,,,,,,,,,,,,,,,,,,,,,
,,,,,,,,,,,,,,,,,,,,,,,,,,,,,,,
,,,,,,,,,,,,,,,,,,,,,,,,,,,,,,,
,,,,,,,,,,,,,,,,,,,,,,,,,,,,,,,
,,,,,,,,,,,,,,,,,,,,,,,,,,,,,,,
,,,,,,,,,,,,,,,,,,,,,,,,,,,,,,,
,,,,,,,,,,,,,,,,,,,,,,,,,,,,,,,
,,,,,,,,,,,,,,,,,,,,,,,,,,,,,,,
,,,,,,,,,,,,,,,,,,,,,,,,,,,,,,,
,,,,,,,,,,,,,,,,,,,,,,,,,,,,,,,
,,,,,,,,,,,,,,,,,,,,,,,,,,,,,,,
,,,,,,,,,,,,,,,,,,,,,,,,,,,,,,,
,,,,,,,,,,,,,,,,,,,,,,,,,,,,,,,
,,,,,,,,,,,,,,,,,,,,,,,,,,,,,,,
,,,,,,,,,,,,,,,,,,,,,,,,,,,,,,,
,,,,,,,,,,,,,,,,,,,,,,,,,,,,,,,
,,,,,,,,,,,,,,,,,,,,,,,,,,,,,,,
,,,,,,,,,,,,,,,,,,,,,,,,,,,,,,,
,,,,,,,,,,,,,,,,,,,,,,,,,,,,,,,
,,,,,,,,,,,,,,,,,,,,,,,,,,,,,,,
,,,,,,,,,,,,,,,,,,,,,,,,,,,,,,,
,,,,,,,,,,,,,,,,,,,,,,,,,,,,,,,
,,,,,,,,,,,,,,,,,,,,,,,,,,,,,,,
,,,,,,,,,,,,,,,,,,,,,,,,,,,,,,,
,,,,,,,,,,,,,,,,,,,,,,,,,,,,,,,
,,,,,,,,,,,,,,,,,,,,,,,,,,,,,,,
,,,,,,,,,,,,,,,,,,,,,,,,,,,,,,,
,,,,,,,,,,,,,,,,,,,,,,,,,,,,,,,
,,,,,,,,,,,,,,,,,,,,,,,,,,,,,,,
,,,,,,,,,,,,,,,,,,,,,,,,,,,,,,,
,,,,,,,,,,,,,,,,,,,,,,,,,,,,,,,
,,,,,,,,,,,,,,,,,,,,,,,,,,,,,,,
,,,,,,,,,,,,,,,,,,,,,,,,,,,,,,,
,,,,,,,,,,,,,,,,,,,,,,,,,,,,,,,
,,,,,,,,,,,,,,,,,,,,,,,,,,,,,,,
,,,,,,,,,,,,,,,,,,,,,,,,,,,,,,,
,,,,,,,,,,,,,,,,,,,,,,,,,,,,,,,
,,,,,,,,,,,,,,,,,,,,,,,,,,,,,,,
,,,,,,,,,,,,,,,,,,,,,,,,,,,,,,,
,,,,,,,,,,,,,,,,,,,,,,,,,,,,,,,
,,,,,,,,,,,,,,,,,,,,,,,,,,,,,,,
,,,,,,,,,,,,,,,,,,,,,,,,,,,,,,,
,,,,,,,,,,,,,,,,,,,,,,,,,,,,,,,
,,,,,,,,,,,,,,,,,,,,,,,,,,,,,,,
,,,,,,,,,,,,,,,,,,,,,,,,,,,,,,,
,,,,,,,,,,,,,,,,,,,,,,,,,,,,,,,
,,,,,,,,,,,,,,,,,,,,,,,,,,,,,,,
,,,,,,,,,,,,,,,,,,,,,,,,,,,,,,,
,,,,,,,,,,,,,,,,,,,,,,,,,,,,,,,
,,,,,,,,,,,,,,,,,,,,,,,,,,,,,,,
,,,,,,,,,,,,,,,,,,,,,,,,,,,,,,,
,,,,,,,,,,,,,,,,,,,,,,,,,,,,,,,
,,,,,,,,,,,,,,,,,,,,,,,,,,,,,,,
,,,,,,,,,,,,,,,,,,,,,,,,,,,,,,,
,,,,,,,,,,,,,,,,,,,,,,,,,,,,,,,
,,,,,,,,,,,,,,,,,,,,,,,,,,,,,,,
,,,,,,,,,,,,,,,,,,,,,,,,,,,,,,,
,,,,,,,,,,,,,,,,,,,,,,,,,,,,,,,
,,,,,,,,,,,,,,,,,,,,,,,,,,,,,,,
,,,,,,,,,,,,,,,,,,,,,,,,,,,,,,,
,,,,,,,,,,,,,,,,,,,,,,,,,,,,,,,
,,,,,,,,,,,,,,,,,,,,,,,,,,,,,,,
,,,,,,,,,,,,,,,,,,,,,,,,,,,,,,,
,,,,,,,,,,,,,,,,,,,,,,,,,,,,,,,
,,,,,,,,,,,,,,,,,,,,,,,,,,,,,,,
,,,,,,,,,,,,,,,,,,,,,,,,,,,,,,,
,,,,,,,,,,,,,,,,,,,,,,,,,,,,,,,
,,,,,,,,,,,,,,,,,,,,,,,,,,,,,,,
,,,,,,,,,,,,,,,,,,,,,,,,,,,,,,,
,,,,,,,,,,,,,,,,,,,,,,,,,,,,,,,
,,,,,,,,,,,,,,,,,,,,,,,,,,,,,,,
,,,,,,,,,,,,,,,,,,,,,,,,,,,,,,,
,,,,,,,,,,,,,,,,,,,,,,,,,,,,,,,
,,,,,,,,,,,,,,,,,,,,,,,,,,,,,,,
,,,,,,,,,,,,,,,,,,,,,,,,,,,,,,,
,,,,,,,,,,,,,,,,,,,,,,,,,,,,,,,
,,,,,,,,,,,,,,,,,,,,,,,,,,,,,,,
,,,,,,,,,,,,,,,,,,,,,,,,,,,,,,,
,,,,,,,,,,,,,,,,,,,,,,,,,,,,,,,
,,,,,,,,,,,,,,,,,,,,,,,,,,,,,,,
,,,,,,,,,,,,,,,,,,,,,,,,,,,,,,,
,,,,,,,,,,,,,,,,,,,,,,,,,,,,,,,
,,,,,,,,,,,,,,,,,,,,,,,,,,,,,,,
,,,,,,,,,,,,,,,,,,,,,,,,,,,,,,,
,,,,,,,,,,,,,,,,,,,,,,,,,,,,,,,
,,,,,,,,,,,,,,,,,,,,,,,,,,,,,,,
,,,,,,,,,,,,,,,,,,,,,,,,,,,,,,,
,,,,,,,,,,,,,,,,,,,,,,,,,,,,,,,
,,,,,,,,,,,,,,,,,,,,,,,,,,,,,,,
,,,,,,,,,,,,,,,,,,,,,,,,,,,,,,,
,,,,,,,,,,,,,,,,,,,,,,,,,,,,,,,
,,,,,,,,,,,,,,,,,,,,,,,,,,,,,,,
,,,,,,,,,,,,,,,,,,,,,,,,,,,,,,,
,,,,,,,,,,,,,,,,,,,,,,,,,,,,,,,
,,,,,,,,,,,,,,,,,,,,,,,,,,,,,,,
,,,,,,,,,,,,,,,,,,,,,,,,,,,,,,,
,,,,,,,,,,,,,,,,,,,,,,,,,,,,,,,
,,,,,,,,,,,,,,,,,,,,,,,,,,,,,,,
,,,,,,,,,,,,,,,,,,,,,,,,,,,,,,,
,,,,,,,,,,,,,,,,,,,,,,,,,,,,,,,
,,,,,,,,,,,,,,,,,,,,,,,,,,,,,,,
,,,,,,,,,,,,,,,,,,,,,,,,,,,,,,,
,,,,,,,,,,,,,,,,,,,,,,,,,,,,,,,
,,,,,,,,,,,,,,,,,,,,,,,,,,,,,,,
,,,,,,,,,,,,,,,,,,,,,,,,,,,,,,,
,,,,,,,,,,,,,,,,,,,,,,,,,,,,,,,
,,,,,,,,,,,,,,,,,,,,,,,,,,,,,,,
,,,,,,,,,,,,,,,,,,,,,,,,,,,,,,,
,,,,,,,,,,,,,,,,,,,,,,,,,,,,,,,
,,,,,,,,,,,,,,,,,,,,,,,,,,,,,,,
,,,,,,,,,,,,,,,,,,,,,,,,,,,,,,,
,,,,,,,,,,,,,,,,,,,,,,,,,,,,,,,
,,,,,,,,,,,,,,,,,,,,,,,,,,,,,,,
,,,,,,,,,,,,,,,,,,,,,,,,,,,,,,,
,,,,,,,,,,,,,,,,,,,,,,,,,,,,,,,
,,,,,,,,,,,,,,,,,,,,,,,,,,,,,,,
,,,,,,,,,,,,,,,,,,,,,,,,,,,,,,,
,,,,,,,,,,,,,,,,,,,,,,,,,,,,,,,
,,,,,,,,,,,,,,,,,,,,,,,,,,,,,,,
,,,,,,,,,,,,,,,,,,,,,,,,,,,,,,,
,,,,,,,,,,,,,,,,,,,,,,,,,,,,,,,
,,,,,,,,,,,,,,,,,,,,,,,,,,,,,,,
,,,,,,,,,,,,,,,,,,,,,,,,,,,,,,,
,,,,,,,,,,,,,,,,,,,,,,,,,,,,,,,
,,,,,,,,,,,,,,,,,,,,,,,,,,,,,,,
,,,,,,,,,,,,,,,,,,,,,,,,,,,,,,,
,,,,,,,,,,,,,,,,,,,,,,,,,,,,,,,
,,,,,,,,,,,,,,,,,,,,,,,,,,,,,,,
,,,,,,,,,,,,,,,,,,,,,,,,,,,,,,,
,,,,,,,,,,,,,,,,,,,,,,,,,,,,,,,
,,,,,,,,,,,,,,,,,,,,,,,,,,,,,,,
,,,,,,,,,,,,,,,,,,,,,,,,,,,,,,,
,,,,,,,,,,,,,,,,,,,,,,,,,,,,,,,
,,,,,,,,,,,,,,,,,,,,,,,,,,,,,,,
,,,,,,,,,,,,,,,,,,,,,,,,,,,,,,,
,,,,,,,,,,,,,,,,,,,,,,,,,,,,,,,
,,,,,,,,,,,,,,,,,,,,,,,,,,,,,,,
,,,,,,,,,,,,,,,,,,,,,,,,,,,,,,,
,,,,,,,,,,,,,,,,,,,,,,,,,,,,,,,
,,,,,,,,,,,,,,,,,,,,,,,,,,,,,,,
Rookies,AJ,Dybantsa,SF,19,207,210,-3,66,2.0,4.0,0.79,9.5,0.5,5.5,0.36,1.2,62,5.5,72,3.5,70,82,1.2,0.8,80,R,USA,Utah,BYU,",",
Rookies,Darryn,Peterson,PG,19,196,195,-3,68,2.2,4.5,0.78,10.5,0.48,5.0,0.36,0.5,70,4.0,75,4.5,72,81,1.2,0.5,78,R,USA,Kansas,Kansas,",",
Rookies,Cameron,Boozer,PF,19,211,235,-3,70,1.8,3.8,0.72,11.5,0.56,3.0,0.32,2.2,62,7.5,65,1.8,65,80,0.8,1.2,76,R,USA,North Carolina,Duke,",",
Rookies,Caleb,Wilson,PF,19,213,225,-3,68,1.8,3.5,0.74,10.5,0.52,3.5,0.34,2.0,58,6.5,62,2.0,65,78,0.7,1.2,74,R,USA,North Carolina,UNC,",",
Rookies,Darius,Acuff Jr,PG,19,193,185,-3,65,2.0,3.5,0.78,8.5,0.46,5.5,0.36,0.4,55,3.5,72,4.5,68,78,1.2,0.3,76,R,USA,Arkansas,Arkansas,",",
Rookies,Keaton,Wagler,SG,22,201,205,-3,62,1.5,1.8,0.84,7.5,0.48,7.5,0.42,0.5,45,3.5,65,2.5,65,76,0.8,0.3,74,R,USA,Iowa,Iowa,",",
Rookies,Kingston,Flemings,SG,19,196,195,-3,64,1.8,2.2,0.78,7.5,0.48,5.5,0.37,0.6,52,3.2,68,2.8,66,76,0.9,0.3,74,R,USA,Georgia,Georgia,",",
Rookies,Zuby,Ejiofor,PF,22,208,230,-3,66,1.5,2.5,0.72,7.5,0.52,2.5,0.32,1.8,52,5.5,58,1.5,62,76,0.7,1.2,72,R,USA,New York,St Johns,",",
Rookies,Mikel,Brown Jr,PG,19,193,190,-3,62,1.8,2.8,0.78,7.5,0.46,4.5,0.36,0.4,48,3.0,68,4.0,65,74,0.9,0.3,72,R,USA,Kentucky,Louisville,",",
Rookies,Thomas,Haugh,PF,21,211,225,-3,64,1.5,2.2,0.76,7.5,0.52,3.5,0.36,1.5,48,5.5,58,1.5,65,74,0.6,1.0,72,R,USA,Florida,Florida,",",
Rookies,Milan,Momcilovic,SF,21,203,205,-3,62,1.2,1.8,0.8,6.5,0.48,6.5,0.4,0.7,42,3.5,62,1.8,65,72,0.7,0.5,72,R,Serbia,,Iowa St,",",
Rookies,Braylon,Mullins,PG,21,193,190,-3,60,1.8,2.8,0.8,7.5,0.46,5.0,0.38,0.3,42,3.0,65,4.5,62,72,0.9,0.2,70,R,USA,Connecticut,UConn,",",
Rookies,Chris,Cenac Jr,C,21,213,245,-3,65,1.0,2.5,0.68,6.5,0.6,0.5,0.15,2.0,45,5.5,48,1.0,60,72,0.5,1.8,68,R,USA,Texas,Houston,",",
Rookies,Morez,Johnson Jr,C,20,213,240,-3,65,1.0,2.5,0.65,6.5,0.58,0.5,0.12,2.2,42,5.8,48,0.9,60,72,0.4,2.0,66,R,USA,Michigan,Michigan,",",
Rookies,Alex,Karaban,PF,23,208,220,-3,62,1.2,1.8,0.8,6.5,0.5,5.5,0.4,1.2,45,4.5,58,1.5,65,70,0.6,0.8,70,R,USA,Connecticut,UConn,",",
Rookies,Jaron,Pierre Jr,PG,21,185,185,-3,60,1.5,2.5,0.8,6.5,0.46,4.5,0.38,0.3,38,2.8,65,4.5,60,70,0.8,0.2,68,R,USA,Louisiana,SMU,",",
Rookies,Luigi,Suigo,C,19,218,235,-3,64,1.0,2.0,0.68,5.5,0.55,2.0,0.28,1.8,40,4.5,45,0.8,58,70,0.4,1.8,65,R,Italy,,Mega Basket,",",
Rookies,Sergio,De Larrea,PG,21,196,190,-3,60,1.5,2.0,0.8,5.5,0.46,5.0,0.38,0.3,38,2.5,63,3.5,60,68,0.8,0.2,66,R,Spain,,Real Madrid B,",",
Rookies,Christian,Anderson Jr,SG,21,196,205,-3,60,1.4,1.8,0.78,5.5,0.46,5.0,0.37,0.5,38,2.8,63,2.5,60,68,0.7,0.3,68,R,USA,Texas,Texas Tech,",",
Rookies,Tarris,Reed Jr,C,22,208,250,-3,65,0.9,2.2,0.65,5.5,0.58,0.3,0.12,1.8,38,4.5,45,0.8,58,68,0.4,1.5,66,R,USA,Michigan,Michigan,",",
Rookies,Braden,Smith,PG,24,188,195,-3,62,1.5,2.2,0.82,5.5,0.46,4.5,0.4,0.3,38,2.5,65,5.5,60,68,0.8,0.1,70,R,USA,Indiana,Purdue,",",
Rookies,Nolan,Hickman,PG,23,188,185,-3,60,1.5,2.2,0.8,5.5,0.46,4.5,0.38,0.3,35,2.5,65,4.0,58,68,0.8,0.2,66,R,USA,Washington,Washington,",",
Rookies,Liam,McNeeley,SF,19,201,195,-3,60,1.2,1.8,0.78,5.5,0.48,4.5,0.37,0.8,40,3.2,62,1.5,62,68,0.7,0.5,68,R,USA,Connecticut,UConn,",",
Rookies,Collin,Murray-Boyles,PF,20,203,225,-3,62,1.2,2.0,0.72,5.5,0.52,2.5,0.32,1.2,42,4.5,60,1.5,60,68,0.8,0.8,68,R,USA,South Carolina,South Carolina,",",
Rookies,Yaxel,Lendeborg,PF,22,208,230,-3,62,1.0,2.0,0.72,5.5,0.52,2.8,0.34,1.2,40,4.5,55,1.2,60,66,0.6,1.0,66,R,USA,Alabama,UAB,",",
Rookies,Labaron,Philon,PG,19,190,185,-3,58,1.5,2.2,0.78,6.5,0.46,5.0,0.36,0.4,40,2.8,65,3.5,58,66,0.8,0.2,66,R,USA,Alabama,Alabama,",",
Rookies,Kasparas,Jakucionis,PG,20,196,185,-3,60,1.5,2.2,0.78,6.5,0.46,5.0,0.37,0.4,42,3.0,63,3.8,60,68,0.8,0.3,68,R,Lithuania,,Illinois,",",
Rookies,Tre,Holloman,PG,23,185,185,-3,58,1.5,2.5,0.82,6.5,0.46,4.5,0.38,0.2,35,2.5,62,4.5,58,66,0.8,0.1,66,R,USA,Michigan,Michigan St,",",
Rookies,Tobi,Lawal,C,22,211,240,-3,62,0.8,2.0,0.68,5.5,0.6,0.5,0.12,2.0,38,4.5,45,0.8,56,66,0.4,1.5,64,R,USA,Oklahoma,Oklahoma,",",
Rookies,Nique,Clifford,SF,24,203,215,-3,60,1.2,1.8,0.72,5.5,0.5,3.5,0.36,1.0,38,4.0,58,1.2,60,64,0.6,0.8,66,R,USA,Colorado,Colorado St,",",
Rookies,Drake,Powell,SF,19,208,205,-3,62,1.2,1.8,0.72,4.5,0.48,3.5,0.34,0.8,38,3.5,60,1.2,60,68,0.8,0.8,68,R,USA,North Carolina,UNC,",",
Rookies,Egor,Demin,PG,19,206,190,-3,60,1.5,2.2,0.78,5.5,0.44,4.5,0.35,0.5,42,3.5,62,3.5,60,68,0.8,0.4,66,R,Russia,,BYU,",",
Rookies,Trentyn,Flowers,SF,19,203,200,-3,60,1.2,1.8,0.72,4.5,0.48,3.5,0.34,0.8,38,3.0,60,1.2,58,66,0.8,0.6,66,R,USA,South Carolina,Duke,",",
Rookies,Carter,Bryant,SF,19,203,195,-3,58,1.0,1.5,0.72,4.5,0.48,4.0,0.35,0.7,38,3.0,58,1.2,58,66,0.7,0.5,66,R,USA,California,Arizona,",",
Rookies,Will,Riley,SG,19,198,190,-3,58,1.5,2.0,0.78,6.5,0.46,5.0,0.37,0.5,40,3.0,62,2.5,60,68,0.8,0.3,66,R,Canada,,Illinois,",",
Rookies,Kobee,Minor,SG,21,198,195,-3,58,1.2,1.8,0.78,6.5,0.46,5.0,0.37,0.4,38,2.8,63,2.5,58,66,0.7,0.3,64,R,USA,Tennessee,Memphis,",",
Rookies,Dug,McDaniel,PG,22,183,175,-3,58,1.8,2.8,0.8,6.5,0.44,4.5,0.37,0.2,35,2.5,63,5.0,58,66,0.8,0.1,64,R,USA,Michigan,Michigan,",",
Rookies,Chaz,Lanier,SG,24,198,200,-3,58,1.5,1.8,0.82,7.5,0.48,6.5,0.4,0.4,38,3.0,63,2.0,58,66,0.6,0.3,66,R,USA,Florida,Florida,",",
Rookies,Luka,Bogaert,PG,20,193,185,-3,58,1.5,2.0,0.78,5.5,0.46,4.5,0.37,0.3,38,2.5,62,3.5,58,66,0.7,0.2,64,R,Belgium,,Louisville,",",
Rookies,Adou,Thiero,SF,21,201,210,-3,60,1.2,1.8,0.72,5.5,0.5,3.5,0.34,1.0,38,4.0,60,1.5,60,66,0.8,0.7,66,R,USA,Massachusetts,Arkansas,",",
Rookies,Rashad,Williams,SG,22,196,195,-3,58,1.5,1.8,0.8,6.5,0.46,5.0,0.37,0.4,38,2.8,63,2.5,58,64,0.7,0.2,64,R,USA,Georgia,Georgia St,",",
Rookies,Baye,Ndongo,C,22,213,240,-3,62,0.8,2.0,0.65,5.5,0.6,0.3,0.12,2.0,38,4.5,45,0.8,56,66,0.4,1.8,64,R,Senegal,,NC State,",",
Rookies,Johnell,Davis,SG,24,198,200,-3,60,1.5,1.8,0.8,6.5,0.48,5.5,0.38,0.5,40,3.0,65,2.5,58,64,0.7,0.3,66,R,USA,New Jersey,FAU,",",
Rookies,Marcus,Domask,PG,24,196,200,-3,58,1.5,2.2,0.82,6.5,0.48,5.0,0.38,0.4,38,3.5,65,3.5,60,66,0.7,0.2,66,R,USA,Illinois,Illinois,",",
Rookies,Jase,Richardson,PG,19,190,185,-3,58,1.5,2.2,0.78,6.5,0.46,4.5,0.36,0.4,40,2.8,65,3.5,58,66,0.8,0.2,66,R,USA,Michigan,Michigan St,",",
Rookies,Moussa,Diabate,PF,23,211,220,-3,60,1.2,1.8,0.7,5.5,0.52,2.0,0.3,1.5,40,4.5,55,1.2,58,66,0.5,1.0,64,R,France,,Michigan,",",
Rookies,Ryan,Conwell,PG,21,193,190,-3,60,1.5,2.5,0.78,7.5,0.46,5.0,0.37,0.4,42,3.0,65,4.0,60,70,0.8,0.2,68,R,USA,Kentucky,Louisville,",",
Rookies,Matas,Vaitiekunas,PF,21,208,220,-3,60,1.2,1.8,0.78,5.5,0.5,4.0,0.36,1.0,40,4.0,55,1.2,60,66,0.6,0.8,64,R,Lithuania,,Neptunas,",",
Rookies,Oso,Ighodaro,C,23,211,240,-3,62,0.8,2.0,0.68,5.5,0.6,0.5,0.15,2.0,38,4.5,45,1.0,58,68,0.4,1.5,64,R,USA,Ohio,Marquette,",",
Rookies,Jordan,Dingle,SG,25,193,195,-3,58,1.8,2.2,0.82,6.5,0.46,5.5,0.37,0.3,38,2.5,65,3.5,58,66,0.7,0.2,66,R,USA,Pennsylvania,UPenn,",",
Rookies,Javon,Small,PG,22,188,185,-3,58,1.5,2.5,0.8,6.5,0.46,5.0,0.36,0.3,38,2.5,63,4.0,58,66,0.8,0.2,66,R,USA,West Virginia,W Virginia,",",
Rookies,Eric,Reibe,C,22,216,250,-3,60,0.7,1.8,0.65,5.5,0.58,0.5,0.12,2.0,38,4.5,42,0.8,55,64,0.3,1.5,62,R,USA,North Carolina,UNC,",",
Rookies,Enrique,Freeman,PF,24,201,230,-3,60,1.0,1.8,0.68,5.5,0.54,1.5,0.28,1.8,40,5.0,55,1.0,56,64,0.5,1.0,64,R,USA,Ohio,Akron,",",
Rookies,Aidan,Mahaney,PG,22,193,190,-3,58,1.2,2.0,0.84,4.5,0.44,5.5,0.4,0.2,35,2.2,63,3.5,58,62,0.6,0.1,64,R,USA,California,St Marys,",",
Rookies,Rasheer,Fleming,PF,22,206,225,-3,60,1.2,1.8,0.72,5.5,0.5,3.5,0.34,1.2,40,4.0,58,1.2,60,68,0.7,0.8,66,R,USA,Pennsylvania,St Josephs,",",
Rookies,Austin,Nunez,SG,21,193,195,-3,56,1.2,1.5,0.8,5.5,0.46,5.5,0.4,0.4,35,2.5,63,2.0,56,64,0.6,0.2,62,R,USA,Florida,Florida St,",",
Rookies,Robbie,Avila,C,23,208,270,-3,58,0.8,1.8,0.72,5.5,0.55,1.5,0.3,1.5,35,4.5,42,0.8,55,64,0.3,1.0,62,R,USA,Indiana,Indiana St,",",
Rookies,Tae,Davis,PG,21,188,185,-3,56,1.5,2.2,0.78,5.5,0.46,4.5,0.36,0.3,35,2.5,62,3.5,56,64,0.8,0.2,62,R,USA,Georgia,Georgia,",",
Rookies,Tyler,Betsey,PG,21,185,180,-3,56,1.5,2.2,0.78,5.5,0.44,4.5,0.36,0.2,35,2.5,62,4.0,56,64,0.7,0.1,64,R,USA,Illinois,NIU,",",
Rookies,Dylan,Darling,PG,21,188,185,-3,56,1.5,2.0,0.8,5.5,0.46,4.5,0.37,0.2,35,2.5,62,3.5,56,64,0.7,0.1,62,R,USA,Wisconsin,Wisconsin,",",
Rookies,Will,Pruitt,PG,22,193,190,-3,56,1.5,2.2,0.8,5.5,0.46,4.5,0.37,0.3,35,2.5,62,3.5,56,62,0.7,0.2,62,R,USA,Tennessee,Memphis,",",
,,,,,,,,,,,,,,,,,,,,,,,,,,,,,,,
,,,,,,,,,,,,,,,,,,,,,,,,,,,,,,,
,,,,,,,,,,,,,,,,,,,,,,,,,,,,,,,
,,,,,,,,,,,,,,,,,,,,,,,,,,,,,,,
,,,,,,,,,,,,,,,,,,,,,,,,,,,,,,,
,,,,,,,,,,,,,,,,,,,,,,,,,,,,,,,
,,,,,,,,,,,,,,,,,,,,,,,,,,,,,,,
,,,,,,,,,,,,,,,,,,,,,,,,,,,,,,,
,,,,,,,,,,,,,,,,,,,,,,,,,,,,,,,
,,,,,,,,,,,,,,,,,,,,,,,,,,,,,,,
,,,,,,,,,,,,,,,,,,,,,,,,,,,,,,,
,,,,,,,,,,,,,,,,,,,,,,,,,,,,,,,
,,,,,,,,,,,,,,,,,,,,,,,,,,,,,,,
,Team ID,First,Last,Age,Position,Authority,Expectation,Personality,ShotSelection,BallMovement,Rebounding,Defence,Structure,DevShot,DevBallMovement,DevRebounding,DevDefence,DevFitness,FindTalent,FindPotential,Persuasion,Dedication,Desire,Potential,,,,,,,
Coaches,0,Lloyd,Pierce,40,HC,68,57,76,61,76,72,77,57,60,68,55,62,41,23,34,67,100,84,75,,,,,,,
Coaches,1,Brad,Stevens,40,HC,78,69,50,64,81,65,63,82,62,76,75,64,57,43,30,78,87,90,83,,,,,,,
Coaches,2,Jacque,Vaughn,45,HC,45,38,72,54,68,54,56,50,53,85,54,66,50,45,67,63,76,89,86,,,,,,,
Coaches,3,James,Borrego,43,HC,61,61,72,52,74,75,52,100,53,61,80,85,49,55,54,73,80,12,71,,,,,,,
Coaches,4,Jim,Boylen,43,HC,66,61,70,54,72,79,69,79,55,80,66,80,56,45,37,80,95,38,64,,,,,,,
Coaches,5,JB,Bickerstaff,51,HC,76,71,70,80,73,54,54,78,58,61,52,74,71,68,67,68,73,32,77,,,,,,,
Coaches,6,Rick,Carlisle,52,HC,68,50,75,50,67,70,63,96,70,60,65,70,60,30,35,80,85,99,72,,,,,,,
Coaches,7,Mike,Malone,49,HC,65,62,75,79,81,65,50,65,50,65,40,80,75,65,45,80,70,32,75,,,,,,,
Coaches,8,Dwane,Casey,54,HC,76,74,75,74,59,74,80,88,68,66,64,80,59,32,22,81,78,32,65,,,,,,,
Coaches,9,Steve,Kerr,47,HC,87,98,81,88,84,65,81,67,94,91,54,66,79,63,39,75,79,88,88,,,,,,,
Coaches,10,Mike,D'Antoni,68,HC,80,79,65,72,81,65,77,64,63,73,54,36,85,61,65,76,88,47,62,,,,,,,
Coaches,11,Nate,McMillan,51,HC,67,59,70,75,72,67,77,77,54,75,58,80,58,51,52,74,82,37,60,,,,,,,
Coaches,12,Doc,Rivers,54,HC,85,74,85,85,72,89,64,85,65,69,73,74,56,44,51,82,90,86,66,,,,,,,
Coaches,13,Frank,Vogel,43,HC,54,38,75,50,71,78,54,82,67,69,79,84,65,36,51,86,80,100,73,,,,,,,
Coaches,14,Taylor,Jenkins,43,HC,68,62,65,45,68,65,73,86,63,73,54,36,85,61,65,76,88,47,61,,,,,,,
Coaches,15,Eric,Spoelstra,48,HC,81,64,80,65,68,84,56,81,62,64,60,71,74,34,49,85,79,35,70,,,,,,,
Coaches,16,Mike,Budenholzer,52,HC,68,57,76,61,76,72,77,57,60,68,55,62,41,23,34,67,100,84,75,,,,,,,
Coaches,17,Ryan,Saunders,44,HC,79,56,70,77,76,79,74,75,55,80,66,80,56,45,37,80,95,38,68,,,,,,,
Coaches,18,Alvin,Gentry,46,HC,59,53,85,60,73,84,69,86,73,72,67,79,65,48,43,87,83,77,76,,,,,,,
Coaches,19,Mike,Miller,44,HC,59,53,85,60,73,84,69,86,73,72,67,79,65,48,43,87,83,77,76,,,,,,,
Coaches,20,Billy,Donovan,53,HC,72,63,75,62,67,84,72,65,77,73,67,72,58,32,34,76,90,54,67,,,,,,,
Coaches,21,Steve,Clifford,51,HC,61,61,72,52,74,75,52,100,53,61,80,85,49,55,54,73,80,12,71,,,,,,,
Coaches,22,Brett,Brown,56,HC,59,41,75,51,76,66,81,48,75,73,66,79,49,66,36,85,95,53,76,,,,,,,
Coaches,23,Monty,Williams,48,HC,42,42,65,64,63,47,77,61,62,61,53,58,57,72,69,71,80,47,56,,,,,,,
Coaches,24,Terry,Stotts,54,HC,42,42,65,64,63,47,77,61,62,61,53,58,57,72,69,71,80,47,56,,,,,,,
Coaches,25,Luke,Walton,46,HC,51,37,75,60,67,61,77,63,68,66,64,80,59,32,22,81,78,32,65,,,,,,,
Coaches,26,Gregg,Popovich,68,HC,92,84,41,79,96,81,74,96,70,57,63,66,36,63,30,89,94,87,45,,,,,,,
Coaches,27,Nick,Nurse,43,HC,76,74,75,74,59,74,80,88,68,66,64,80,59,32,22,81,78,32,65,,,,,,,
Coaches,28,Quin,Snyder,54,HC,76,73,70,90,88,67,90,79,67,69,76,81,74,67,50,74,83,99,70,,,,,,,
Coaches,29,Scott,Brooks,52,HC,74,66,75,85,76,63,84,73,73,66,62,59,67,53,39,74,77,43,86,,,,,,,
Coaches,0,Melvin,Hunt,41,AC,55,71,65,56,60,65,74,55,62,51,60,61,90,63,59,68,79,12,75,,,,,,,
Coaches,0,Devon,Dantonio,40,AC,55,71,65,56,60,65,74,55,62,51,60,61,90,63,59,68,79,12,75,,,,,,,
Coaches,1,Brandon,Bailey,39,AC,60,68,70,57,55,68,68,60,60,51,66,77,69,66,62,67,68,4,70,,,,,,,
Coaches,2,Tiago,Splitter,39,AC,65,60,70,67,68,63,69,60,67,62,60,63,52,59,57,68,73,64,60,,,,,,,
Coaches,3,Jay,Triano,46,AC,70,61,85,53,57,86,80,65,62,57,76,83,70,50,60,69,84,36,75,,,,,,,
Coaches,4,Chris,Fleming,51,AC,55,70,55,52,54,63,70,63,62,62,60,66,98,61,60,64,63,74,90,,,,,,,
Coaches,5,Antonio,Lang,61,AC,65,80,55,68,73,60,64,75,53,73,56,63,67,53,59,58,89,38,55,,,,,,,
Coaches,6,Darrell,Armstrong,46,AC,55,57,65,59,64,48,54,55,52,71,46,55,76,79,53,59,58,53,65,,,,,,,
Coaches,7,Ray,Bowen,47,AC,55,57,65,59,64,48,54,55,52,71,46,55,76,79,53,59,58,53,65,,,,,,,
Coaches,8,Tim,Hardaway,41,AC,70,52,80,79,82,62,64,53,81,90,57,67,81,53,67,67,79,48,75,,,,,,,
Coaches,9,Ryan,Adams,41,AC,65,56,65,57,59,51,85,62,48,54,55,82,73,66,54,76,73,38,72,,,,,,,
Coaches,10,Carl,Finch,46,AC,50,56,55,53,62,55,56,46,52,62,48,62,61,53,66,62,58,66,69,,,,,,,
Coaches,11,Nate,McMillan,50,AC,70,56,70,61,69,67,83,68,54,75,58,80,58,51,52,74,82,37,60,,,,,,,
Coaches,12,Sam,Cassell,43,AC,70,68,75,70,84,53,57,59,70,74,51,62,54,50,54,65,65,58,80,,,,,,,
Coaches,13,James,Worthy,66,AC,80,70,55,72,78,53,53,50,71,72,52,54,68,61,58,53,63,35,55,,,,,,,
Coaches,14,Jonathan,Bzdelik,66,AC,80,70,55,72,78,53,53,50,71,72,52,54,68,61,58,53,63,35,55,,,,,,,
Coaches,15,Juwaun,Daniels,41,AC,60,61,70,53,54,64,54,58,62,67,65,68,73,63,67,75,84,28,90,,,,,,,
Coaches,16,Gary,Foster,42,AC,60,64,80,54,78,54,68,54,58,78,52,66,70,72,70,69,79,25,77,,,,,,,
Coaches,17,David,Adelman,51,AC,70,69,70,58,68,53,62,67,73,80,57,64,67,58,67,65,78,69,75,,,,,,,
Coaches,18,Robert,Pack,46,AC,60,70,75,54,58,49,53,59,77,83,48,69,71,65,62,69,78,67,88,,,,,,,
Coaches,19,Jimmy,Cleamons,59,AC,60,55,65,54,49,64,58,54,64,52,72,71,68,62,68,62,79,73,64,,,,,,,
Coaches,20,Maurice,Cheeks,46,AC,60,70,75,54,58,49,53,59,77,83,48,69,71,65,62,69,78,67,88,,,,,,,
Coaches,21,Mario,Elie,41,AC,60,72,65,53,57,64,56,60,59,63,73,72,69,74,69,62,67,39,68,,,,,,,
Coaches,22,Mike,Dantoni,66,AC,55,70,60,48,54,41,42,56,74,77,69,78,70,52,60,71,80,8,53,,,,,,,
Coaches,23,Noel,Bjorkgren,46,AC,65,50,60,57,52,61,71,64,63,59,62,67,66,53,59,74,80,50,80,,,,,,,
Coaches,24,Johny,Triano,61,AC,60,53,65,58,63,47,59,53,62,61,53,58,57,72,69,71,80,47,55,,,,,,,
Coaches,25,Corlis,Williamson,43,AC,60,73,70,65,59,67,59,59,80,59,73,68,59,59,69,63,73,83,80,,,,,,,
Coaches,26,Becky,Hammon,61,AC,65,65,60,59,56,64,58,69,53,56,58,64,58,49,52,69,68,41,60,,,,,,,
Coaches,27,Adrian,Griffin,45,AC,55,64,70,51,44,51,46,89,67,60,53,51,80,74,80,56,72,70,60,,,,,,,
Coaches,28,Brian,Jones,37,AC,65,38,65,42,41,46,43,48,53,50,49,50,52,75,72,66,67,37,95,,,,,,,
Coaches,29,Howard,Eisley,43,AC,70,68,75,70,84,53,57,59,70,74,51,62,54,50,54,65,65,58,80,,,,,,,
Coaches,-1,Phil,Jackson,68,,80,81,95,93,95,83,97,88,61,70,65,82,57,53,54,92,88,27,60,,,,,,,
Coaches,-1,Jerry,Sloan,68,,80,70,75,82,85,85,86,96,65,62,63,65,62,63,64,84,85,86,60,,,,,,,
Coaches,-1,Dan,Collins,66,,70,71,75,70,70,75,70,75,65,67,68,69,73,57,57,86,83,10,60,,,,,,,
Coaches,-1,Byron,Scott,51,,75,82,75,73,69,64,68,73,67,68,61,70,68,64,64,71,75,81,70,,,,,,,
Coaches,-1,George,Karl,68,,70,56,85,82,81,64,61,69,51,70,63,56,68,50,42,79,85,44,60,,,,,,,
Coaches,-1,Graeme,Hill,40,,70,72,90,59,62,63,62,65,67,70,69,60,64,50,51,71,78,32,85,,,,,,,
Coaches,-1,Shaq,O'Neal,41,,80,68,95,58,52,66,69,57,71,52,74,75,53,51,52,86,88,50,80,,,,,,,
Coaches,-1,Jeff,Van Gundy,53,,70,70,70,65,65,68,73,58,61,61,60,64,62,63,62,67,67,37,65,,,,,,,
Coaches,-1,Pat,Riley,66,,90,95,90,88,92,96,87,92,64,56,64,58,65,62,45,86,84,64,55,,,,,,,
Coaches,-1,Hakeem,Olajuwon,49,,75,62,80,68,62,93,67,54,85,59,74,80,62,49,45,79,84,67,77,,,,,,,
Coaches,-1,Les,Rogers,66,,28,55,71,64,81,16,60,71,61,42,28,50,84,69,13,90,64,12,52,,,,,,,
Coaches,-1,Sal,Chavarria,61,,41,63,86,84,23,29,62,61,62,43,70,10,66,59,26,15,60,17,40,,,,,,,
Coaches,-1,Michale,Kennison,54,,43,47,43,50,61,18,77,44,14,19,73,75,90,64,78,36,70,56,68,,,,,,,
Coaches,-1,Sammie,Peters,65,,29,64,43,62,28,48,44,68,77,34,78,40,29,51,18,66,83,37,76,,,,,,,
Coaches,-1,Lucien,Casabloy,61,,41,50,40,59,75,32,18,43,43,50,53,12,67,30,17,90,40,76,12,,,,,,,
Coaches,-1,Darren,Brannum,54,,21,47,60,55,20,73,64,20,46,67,42,85,10,38,22,60,39,79,61,,,,,,,
Coaches,-1,Keenan,Coulter,62,,60,41,34,63,61,21,34,47,12,77,21,56,56,56,33,78,34,36,43,,,,,,,
Coaches,-1,Jared,Coots,58,,61,55,64,78,16,72,35,61,26,90,84,34,54,25,24,89,10,19,76,,,,,,,
Coaches,-1,Sean,Braddy,47,,61,50,42,53,32,83,62,88,36,68,67,89,32,30,30,17,38,92,67,,,,,,,
Coaches,-1,Lucien,Rosenfeld,32,,70,38,72,44,55,45,51,52,51,30,34,32,51,70,32,53,25,2,17,,,,,,,
Coaches,-1,Felix,Rocants,29,,49,65,40,47,34,89,31,80,40,71,34,72,55,67,86,42,48,14,89,,,,,,,
Coaches,-1,Tai,Navarette,32,,34,42,80,76,39,17,24,65,18,16,35,34,27,34,53,70,32,75,88,,,,,,,
Coaches,-1,Neil,Fleischmann,60,,88,46,18,22,81,44,10,65,11,32,25,76,34,50,90,29,27,18,45,,,,,,,
Coaches,-1,Deandre,Maclin,42,,89,37,45,48,18,60,17,25,57,12,50,63,39,30,42,37,66,45,84,,,,,,,
Coaches,-1,Jonathan,Edmiston,44,,23,55,24,80,86,83,13,32,67,30,18,42,58,58,81,12,85,51,39,,,,,,,
Coaches,-1,Mose,Jock,38,,23,56,25,69,89,66,38,58,13,72,24,50,50,19,19,13,42,57,83,,,,,,,
Coaches,-1,Irwin,Alvares,29,,74,54,61,39,22,26,64,86,74,83,46,70,72,17,53,41,74,14,87,,,,,,,
Coaches,-1,Andrew,Markert,60,,65,52,15,25,29,74,80,75,45,12,39,24,14,34,33,70,56,20,30,,,,,,,
Coaches,-1,Edwin,Clemens,52,,44,60,17,72,83,47,75,77,27,21,90,37,83,54,44,43,46,100,86,,,,,,,
Coaches,-1,Tobias,Whiang,43,,49,64,40,57,70,56,70,75,52,19,24,42,28,89,29,47,43,98,82,,,,,,,
Coaches,-1,Jose,Corn,52,,63,53,52,50,83,66,57,50,38,18,13,41,41,20,56,60,54,5,82,,,,,,,
Coaches,-1,Andrew,Therrien,42,,72,40,66,74,25,30,25,81,58,15,15,16,42,79,51,19,74,24,63,,,,,,,
Coaches,-1,Otto,Alberto,39,,88,74,19,43,81,78,25,78,54,46,75,52,90,41,17,75,38,96,34,,,,,,,
Coaches,-1,Edison,Southworth,66,,90,58,17,80,15,73,51,29,33,60,44,50,59,55,60,78,51,78,79,,,,,,,
Coaches,-1,Robin,Derrico,54,,14,44,73,39,55,81,53,22,59,14,79,73,44,71,68,23,58,26,16,,,,,,,
Coaches,-1,Mathew,Sistrunk,40,,21,57,54,76,55,29,87,20,81,73,61,14,11,74,28,61,86,41,24,,,,,,,
Coaches,-1,Chris,Michel,40,,16,46,66,24,44,24,48,49,10,38,40,25,81,83,75,51,67,2,84,,,,,,,
Coaches,-1,Lynn,Turberville,65,,64,54,75,22,25,90,39,15,88,73,76,55,83,52,48,74,47,22,51,,,,,,,
Coaches,-1,Jordan,Range,36,,47,46,45,56,83,24,61,15,44,87,36,73,82,81,69,13,49,88,59,,,,,,,
Coaches,-1,Michale,Giglio,34,,81,64,38,77,86,65,63,42,54,88,33,40,76,88,87,69,44,36,58,,,,,,,
Coaches,-1,Robbie,Selleck,55,,13,50,65,22,90,81,25,48,82,78,21,21,79,79,51,61,76,68,29,,,,,,,
Coaches,-1,Chauncy,Nowakowski,54,,69,60,72,36,70,58,24,77,62,47,79,49,34,68,61,13,34,49,33,,,,,,,
Coaches,-1,Israel,Dressler,65,,73,61,36,22,50,42,55,90,50,68,21,55,42,34,77,89,69,100,26,,,,,,,
Coaches,-1,Herb,Guice,30,,54,48,88,25,36,67,64,32,32,61,68,23,81,18,77,84,12,45,68,,,,,,,
Coaches,-1,Esteban,Rencher,41,,60,58,26,86,55,63,45,48,80,84,11,51,12,59,35,42,35,56,34,,,,,,,
Coaches,-1,Mehmet,Schreier,52,,16,45,27,41,21,47,48,46,28,62,32,87,35,48,88,40,25,99,30,,,,,,,
Coaches,-1,Billie,Brokaw,50,,75,59,10,19,13,87,20,64,38,11,65,63,54,48,49,82,27,67,79,,,,,,,
Coaches,-1,Donny,Denis,63,,81,41,18,46,13,10,59,15,27,88,68,52,39,34,90,23,52,58,29,,,,,,,
Coaches,-1,Gene,Jewell,61,,24,49,70,45,37,60,32,19,38,78,44,16,35,40,21,71,75,5,52,,,,,,,
Coaches,-1,Everett,Grosso,47,,15,57,89,90,17,81,42,54,15,80,16,59,26,40,35,45,19,31,67,,,,,,,
Coaches,-1,Caleb,Eastwood,36,,29,47,78,46,43,16,13,82,63,26,28,65,65,40,21,33,49,91,34,,,,,,,
Coaches,-1,Paul,Mutumbo,37,,55,59,75,51,49,73,72,53,63,59,71,73,63,72,68,58,74,97,72,,,,,,,
